STATEFP,COUNTYFP,GEOID,NAME,population,chinese
01,001,01001,Autauga,58805,188
01,003,01003,Baldwin,231767,549
01,005,01005,Barbour,25223,0
01,007,01007,Bibb,22293,0
01,009,01009,Blount,59134,71
01,011,01011,Bullock,10357,0
01,013,01013,Butler,19051,0
01,015,01015,Calhoun,116441,191
01,017,01017,Chambers,34772,40
01,019,01019,Cherokee,24971,0
01,021,01021,Chilton,45014,49
01,023,01023,Choctaw,12665,0
01,025,01025,Clarke,23087,29
01,027,01027,Clay,14236,0
01,029,01029,Cleburne,15056,0
01,031,01031,Coffee,53465,120
01,033,01033,Colbert,57227,64
01,035,01035,Conecuh,11597,0
01,037,01037,Coosa,10387,0
01,039,01039,Covington,37570,53
01,041,01041,Crenshaw,13194,0
01,043,01043,Cullman,87866,105
01,045,01045,Dale,49326,105
01,047,01047,Dallas,38462,22
01,049,01049,DeKalb,71608,56
01,051,01051,Elmore,87977,89
01,053,01053,Escambia,36757,34
01,055,01055,Etowah,103436,137
01,057,01057,Fayette,16321,25
01,059,01059,Franklin,32113,31
01,061,01061,Geneva,26659,0
01,063,01063,Greene,7730,0
01,065,01065,Hale,14785,0
01,067,01067,Henry,17146,0
01,069,01069,Houston,107202,264
01,071,01071,Jackson,52579,43
01,073,01073,Jefferson,674721,3141
01,075,01075,Lamar,13972,0
01,077,01077,Lauderdale,93564,179
01,079,01079,Lawrence,33073,0
01,081,01081,Lee,174241,2336
01,083,01083,Limestone,103570,318
01,085,01085,Lowndes,10311,0
01,087,01087,Macon,19532,0
01,089,01089,Madison,388153,2383
01,091,01091,Marengo,19323,0
01,093,01093,Marion,29341,0
01,095,01095,Marshall,97612,115
01,097,01097,Mobile,414809,896
01,099,01099,Monroe,19772,0
01,101,01101,Montgomery,228954,835
01,103,01103,Morgan,123421,197
01,105,01105,Perry,8511,0
01,107,01107,Pickens,19123,0
01,109,01109,Pike,33009,229
01,111,01111,Randolph,21967,0
01,113,01113,Russell,59183,65
01,115,01115,St. Clair,91103,150
01,117,01117,Shelby,223024,936
01,119,01119,Sumter,12345,29
01,121,01121,Talladega,82149,87
01,123,01123,Tallapoosa,41311,48
01,125,01125,Tuscaloosa,227036,1014
01,127,01127,Walker,65342,43
01,129,01129,Washington,15388,0
01,131,01131,Wilcox,10600,0
01,133,01133,Winston,23540,0
02,013,02013,Aleutians East,3420,0
02,016,02016,Aleutians West,5232,26
02,020,02020,Anchorage,291247,2908
02,050,02050,Bethel,18666,24
02,060,02060,Bristol Bay,844,0
02,063,02063,Chugach,7102,34
02,066,02066,Copper River,2617,0
02,068,02068,Denali,1619,0
02,070,02070,Dillingham,4857,0
02,090,02090,Fairbanks North Star,95655,685
02,100,02100,Haines,2080,0
02,105,02105,Hoonah-Angoon,2365,0
02,110,02110,Juneau,32255,278
02,122,02122,Kenai Peninsula,58799,186
02,130,02130,Ketchikan Gateway,13948,81
02,150,02150,Kodiak Island,13101,61
02,158,02158,Kusilvak,8368,0
02,164,02164,Lake and Peninsula,1476,0
02,170,02170,Matanuska-Susitna,107081,388
02,180,02180,Nome,10046,0
02,185,02185,North Slope,11031,28
02,188,02188,Northwest Arctic,7793,0
02,195,02195,Petersburg,3398,31
02,198,02198,Prince of Wales-Hyder,5753,0
02,220,02220,Sitka,8458,45
02,230,02230,Skagway,1240,0
02,240,02240,Southeast Fairbanks,6808,0
02,275,02275,Wrangell,2127,0
02,282,02282,Yakutat,662,0
02,290,02290,Yukon-Koyukuk,5343,0
04,001,04001,Apache,66021,34
04,003,04003,Cochise,125447,376
04,005,04005,Coconino,145101,993
04,007,04007,Gila,53272,87
04,009,04009,Graham,38533,57
04,011,04011,Greenlee,9563,0
04,012,04012,La Paz,16557,0
04,013,04013,Maricopa,4420568,42846
04,015,04015,Mohave,213267,514
04,017,04017,Navajo,106717,150
04,019,04019,Pima,1043433,9640
04,021,04021,Pinal,425264,1314
04,023,04023,Santa Cruz,47669,79
04,025,04025,Yavapai,236209,764
04,027,04027,Yuma,203881,490
05,001,05001,Arkansas,17149,23
05,003,05003,Ashley,19062,0
05,005,05005,Baxter,41627,66
05,007,05007,Benton,284333,1373
05,009,05009,Boone,37373,64
05,011,05011,Bradley,10545,0
05,013,05013,Calhoun,4739,0
05,015,05015,Carroll,28260,0
05,017,05017,Chicot,10208,32
05,019,05019,Clark,21446,25
05,021,05021,Clay,14552,0
05,023,05023,Cleburne,24711,0
05,025,05025,Cleveland,7550,0
05,027,05027,Columbia,22801,38
05,029,05029,Conway,20715,0
05,031,05031,Craighead,111231,386
05,033,05033,Crawford,60133,64
05,035,05035,Crittenden,48163,86
05,037,05037,Cross,16833,0
05,039,05039,Dallas,6482,0
05,041,05041,Desha,11395,28
05,043,05043,Drew,17350,0
05,045,05045,Faulkner,123498,354
05,047,05047,Franklin,17097,0
05,049,05049,Fulton,12075,0
05,051,05051,Garland,100180,171
05,053,05053,Grant,17958,0
05,055,05055,Greene,45736,42
05,057,05057,Hempstead,20065,0
05,059,05059,Hot Spring,33040,0
05,061,05061,Howard,12785,0
05,063,05063,Independence,37938,43
05,065,05065,Izard,13577,0
05,067,05067,Jackson,16755,0
05,069,05069,Jefferson,67260,85
05,071,05071,Johnson,25749,37
05,073,05073,Lafayette,6308,0
05,075,05075,Lawrence,16216,0
05,077,05077,Lee,8600,0
05,079,05079,Lincoln,12941,0
05,081,05081,Little River,12026,0
05,083,05083,Logan,21131,0
05,085,05085,Lonoke,74015,167
05,087,05087,Madison,16521,0
05,089,05089,Marion,16826,26
05,091,05091,Miller,42600,29
05,093,05093,Mississippi,40685,40
05,095,05095,Monroe,6799,0
05,097,05097,Montgomery,8484,0
05,099,05099,Nevada,8310,0
05,101,05101,Newton,7225,0
05,103,05103,Ouachita,22650,33
05,105,05105,Perry,10019,0
05,107,05107,Phillips,16568,0
05,109,05109,Pike,10171,0
05,111,05111,Poinsett,22965,27
05,113,05113,Polk,19221,26
05,115,05115,Pope,63381,159
05,117,05117,Prairie,8282,0
05,119,05119,Pulaski,399125,1906
05,121,05121,Randolph,18571,30
05,123,05123,St. Francis,23090,0
05,125,05125,Saline,123416,245
05,127,05127,Scott,9836,0
05,129,05129,Searcy,7828,0
05,131,05131,Sebastian,127799,376
05,133,05133,Sevier,15839,0
05,135,05135,Sharp,17271,0
05,137,05137,Stone,12359,0
05,139,05139,Union,39054,73
05,141,05141,Van Buren,15796,0
05,143,05143,Washington,245871,1379
05,145,05145,White,76822,165
05,147,05147,Woodruff,6269,0
05,149,05149,Yell,20263,0
06,001,06001,Alameda,1682353,201823
06,003,06003,Alpine,1204,22
06,005,06005,Amador,40474,140
06,007,06007,Butte,211632,1461
06,009,06009,Calaveras,45292,215
06,011,06011,Colusa,21839,70
06,013,06013,Contra Costa,1165927,65396
06,015,06015,Del Norte,27743,89
06,017,06017,El Dorado,191185,2490
06,019,06019,Fresno,1008654,9310
06,021,06021,Glenn,28917,67
06,023,06023,Humboldt,136463,848
06,025,06025,Imperial,179702,945
06,027,06027,Inyo,19016,87
06,029,06029,Kern,909235,4283
06,031,06031,Kings,152486,634
06,033,06033,Lake,68163,333
06,035,06035,Lassen,32730,101
06,037,06037,Los Angeles,10014009,499302
06,039,06039,Madera,156255,477
06,041,06041,Marin,262321,7305
06,043,06043,Mariposa,17131,70
06,045,06045,Mendocino,91601,679
06,047,06047,Merced,281202,1575
06,049,06049,Modoc,8700,0
06,051,06051,Mono,13195,78
06,053,06053,Monterey,439035,3964
06,055,06055,Napa,138019,1539
06,057,06057,Nevada,102241,607
06,059,06059,Orange,3186989,138463
06,061,06061,Placer,404739,7069
06,063,06063,Plumas,19790,60
06,065,06065,Riverside,2418185,33512
06,067,06067,Sacramento,1585055,62020
06,069,06069,San Benito,64209,359
06,071,06071,San Bernardino,2181654,54121
06,073,06073,San Diego,3298634,84683
06,075,06075,San Francisco,873965,194345
06,077,06077,San Joaquin,779233,12960
06,079,06079,San Luis Obispo,282424,3267
06,081,06081,San Mateo,764442,106316
06,083,06083,Santa Barbara,448229,8889
06,085,06085,Santa Clara,1936259,224562
06,087,06087,Santa Cruz,270861,4938
06,089,06089,Shasta,182155,1163
06,091,06091,Sierra,3236,0
06,093,06093,Siskiyou,44076,198
06,095,06095,Solano,453491,8136
06,097,06097,Sonoma,488863,7463
06,099,06099,Stanislaus,552878,4328
06,101,06101,Sutter,99633,545
06,103,06103,Tehama,65829,248
06,105,06105,Trinity,16112,46
06,107,06107,Tulare,473117,1899
06,109,06109,Tuolumne,55620,294
06,111,06111,Ventura,843843,13567
06,113,06113,Yolo,216403,11877
06,115,06115,Yuba,81575,547
08,001,08001,Adams,519572,3732
08,003,08003,Alamosa,16376,41
08,005,08005,Arapahoe,655070,8513
08,007,08007,Archuleta,13359,28
08,009,08009,Baca,3506,0
08,011,08011,Bent,5650,0
08,013,08013,Boulder,330758,5698
08,014,08014,Broomfield,74112,1545
08,015,08015,Chaffee,19476,53
08,017,08017,Cheyenne,1748,0
08,019,08019,Clear Creek,9397,0
08,021,08021,Conejos,7461,0
08,023,08023,Costilla,3499,0
08,025,08025,Crowley,5922,0
08,027,08027,Custer,4704,0
08,029,08029,Delta,31196,59
08,031,08031,Denver,715522,6982
08,033,08033,Dolores,2326,0
08,035,08035,Douglas,357978,4626
08,037,08037,Eagle,55731,190
08,039,08039,Elbert,26062,91
08,041,08041,El Paso,730395,5192
08,043,08043,Fremont,48939,114
08,045,08045,Garfield,61685,159
08,047,08047,Gilpin,5808,23
08,049,08049,Grand,15717,31
08,051,08051,Gunnison,16918,67
08,053,08053,Hinsdale,788,0
08,055,08055,Huerfano,6820,26
08,057,08057,Jackson,1379,0
08,059,08059,Jefferson,582910,5180
08,061,08061,Kiowa,1446,0
08,063,08063,Kit Carson,7087,0
08,065,08065,Lake,7436,0
08,067,08067,La Plata,55638,144
08,069,08069,Larimer,359066,3160
08,071,08071,Las Animas,14555,36
08,073,08073,Lincoln,5675,0
08,075,08075,Logan,21528,39
08,077,08077,Mesa,155703,605
08,079,08079,Mineral,865,0
08,081,08081,Moffat,13292,0
08,083,08083,Montezuma,25849,74
08,085,08085,Montrose,42679,79
08,087,08087,Morgan,29111,40
08,089,08089,Otero,18690,29
08,091,08091,Ouray,4874,0
08,093,08093,Park,17390,24
08,095,08095,Phillips,4530,0
08,097,08097,Pitkin,17358,101
08,099,08099,Prowers,11999,0
08,101,08101,Pueblo,168162,435
08,103,08103,Rio Blanco,6529,0
08,105,08105,Rio Grande,11539,0
08,107,08107,Routt,24829,73
08,109,08109,Saguache,6368,0
08,111,08111,San Juan,705,0
08,113,08113,San Miguel,8072,0
08,115,08115,Sedgwick,2404,0
08,117,08117,Summit,31055,173
08,119,08119,Teller,24710,99
08,121,08121,Washington,4817,0
08,123,08123,Weld,328981,1335
08,125,08125,Yuma,9988,0
09,001,09001,Fairfield,957419,13190
09,003,09003,Hartford,899498,8744
09,005,09005,Litchfield,185186,1037
09,007,09007,Middlesex,164245,1332
09,009,09009,New Haven,864835,11344
09,011,09011,New London,268555,5073
09,013,09013,Tolland,149788,3022
09,015,09015,Windham,116418,659
10,001,10001,Kent,181851,855
10,003,10003,New Castle,570719,8633
10,005,10005,Sussex,237378,649
11,001,11001,District of Columbia,689545,11321
12,001,12001,Alachua,278468,6071
12,003,12003,Baker,28259,24
12,005,12005,Bay,175216,527
12,007,12007,Bradford,28303,29
12,009,12009,Brevard,606612,3531
12,011,12011,Broward,1944375,20034
12,013,12013,Calhoun,13648,0
12,015,12015,Charlotte,186847,549
12,017,12017,Citrus,153843,365
12,019,12019,Clay,218245,1037
12,021,12021,Collier,375752,1389
12,023,12023,Columbia,69698,164
12,027,12027,DeSoto,33976,30
12,029,12029,Dixie,16759,0
12,031,12031,Duval,995567,5245
12,033,12033,Escambia,321905,1302
12,035,12035,Flagler,115378,433
12,037,12037,Franklin,12451,0
12,039,12039,Gadsden,43826,48
12,041,12041,Gilchrist,17864,0
12,043,12043,Glades,12126,0
12,045,12045,Gulf,14192,0
12,047,12047,Hamilton,14004,0
12,049,12049,Hardee,25327,0
12,051,12051,Hendry,39619,60
12,053,12053,Hernando,194515,662
12,055,12055,Highlands,101235,172
12,057,12057,Hillsborough,1459762,10647
12,059,12059,Holmes,19653,0
12,061,12061,Indian River,159788,609
12,063,12063,Jackson,47319,57
12,065,12065,Jefferson,14510,0
12,067,12067,Lafayette,8226,0
12,069,12069,Lake,383956,1430
12,071,12071,Lee,760822,3174
12,073,12073,Leon,292198,2993
12,075,12075,Levy,42915,72
12,077,12077,Liberty,7974,0
12,079,12079,Madison,17968,0
12,081,12081,Manatee,399710,1842
12,083,12083,Marion,375908,1259
12,085,12085,Martin,158431,592
12,086,12086,Miami-Dade,2701767,17894
12,087,12087,Monroe,82874,240
12,089,12089,Nassau,90352,279
12,091,12091,Okaloosa,211668,905
12,093,12093,Okeechobee,39644,46
12,095,12095,Orange,1429908,15306
12,097,12097,Osceola,388656,2298
12,099,12099,Palm Beach,1492191,10611
12,101,12101,Pasco,561891,3022
12,103,12103,Pinellas,959107,5157
12,105,12105,Polk,725046,2326
12,107,12107,Putnam,73321,88
12,109,12109,St. Johns,273425,2157
12,111,12111,St. Lucie,329226,1227
12,113,12113,Santa Rosa,188000,677
12,115,12115,Sarasota,434006,2773
12,117,12117,Seminole,470856,4907
12,119,12119,Sumter,129752,322
12,121,12121,Suwannee,43474,57
12,123,12123,Taylor,21796,50
12,125,12125,Union,16147,0
12,127,12127,Volusia,553543,2211
12,129,12129,Wakulla,33764,56
12,131,12131,Walton,75305,134
12,133,12133,Washington,25318,39
13,001,13001,Appling,18444,0
13,003,13003,Atkinson,8286,0
13,005,13005,Bacon,11140,0
13,007,13007,Baker,2876,0
13,009,13009,Baldwin,43799,63
13,011,13011,Banks,18035,0
13,013,13013,Barrow,83505,194
13,015,13015,Bartow,108901,170
13,017,13017,Ben Hill,17194,0
13,019,13019,Berrien,18160,26
13,021,13021,Bibb,157346,400
13,023,13023,Bleckley,12583,0
13,025,13025,Brantley,18021,0
13,027,13027,Brooks,16301,0
13,029,13029,Bryan,44738,278
13,031,13031,Bulloch,81099,325
13,033,13033,Burke,24596,35
13,035,13035,Butts,25434,0
13,037,13037,Calhoun,5573,0
13,039,13039,Camden,54768,157
13,043,13043,Candler,10981,0
13,045,13045,Carroll,119148,214
13,047,13047,Catoosa,67872,165
13,049,13049,Charlton,12518,0
13,051,13051,Chatham,295291,2412
13,053,13053,Chattahoochee,9565,26
13,055,13055,Chattooga,24965,0
13,057,13057,Cherokee,266620,1233
13,059,13059,Clarke,128671,1557
13,061,13061,Clay,2848,0
13,063,13063,Clayton,297595,588
13,065,13065,Clinch,6749,0
13,067,13067,Cobb,766149,8039
13,069,13069,Coffee,43092,28
13,071,13071,Colquitt,45898,49
13,073,13073,Columbia,156010,1306
13,075,13075,Cook,17229,0
13,077,13077,Coweta,146158,597
13,079,13079,Crawford,12130,0
13,081,13081,Crisp,20128,0
13,083,13083,Dade,16251,22
13,085,13085,Dawson,26798,47
13,087,13087,Decatur,29367,25
13,089,13089,DeKalb,764382,8356
13,091,13091,Dodge,19925,41
13,093,13093,Dooly,11208,0
13,095,13095,Dougherty,85790,112
13,097,13097,Douglas,144237,408
13,099,13099,Early,10854,0
13,101,13101,Echols,3697,0
13,103,13103,Effingham,64769,162
13,105,13105,Elbert,19637,26
13,107,13107,Emanuel,22768,35
13,109,13109,Evans,10774,0
13,111,13111,Fannin,25319,39
13,113,13113,Fayette,119194,1252
13,115,13115,Floyd,98584,163
13,117,13117,Forsyth,251283,4756
13,119,13119,Franklin,23424,0
13,121,13121,Fulton,1066710,16755
13,123,13123,Gilmer,31353,49
13,125,13125,Glascock,2884,0
13,127,13127,Glynn,84499,175
13,129,13129,Gordon,57544,107
13,131,13131,Grady,26236,0
13,133,13133,Greene,18915,47
13,135,13135,Gwinnett,957062,19409
13,137,13137,Habersham,46031,51
13,139,13139,Hall,203136,546
13,141,13141,Hancock,8735,0
13,143,13143,Haralson,29919,26
13,145,13145,Harris,34668,75
13,147,13147,Hart,25828,43
13,149,13149,Heard,11412,0
13,151,13151,Henry,240712,730
13,153,13153,Houston,163633,480
13,155,13155,Irwin,9666,31
13,157,13157,Jackson,75907,191
13,159,13159,Jasper,14588,0
13,161,13161,Jeff Davis,14779,0
13,163,13163,Jefferson,15709,0
13,165,13165,Jenkins,8674,0
13,167,13167,Johnson,9189,0
13,169,13169,Jones,28347,32
13,171,13171,Lamar,18500,0
13,173,13173,Lanier,9877,0
13,175,13175,Laurens,49570,69
13,177,13177,Lee,33163,110
13,179,13179,Liberty,65256,188
13,181,13181,Lincoln,7690,0
13,183,13183,Long,16168,0
13,185,13185,Lowndes,118251,274
13,187,13187,Lumpkin,33488,101
13,189,13189,McDuffie,21632,35
13,191,13191,McIntosh,10975,0
13,193,13193,Macon,12082,0
13,195,13195,Madison,30120,28
13,197,13197,Marion,7498,0
13,199,13199,Meriwether,20613,0
13,201,13201,Miller,6000,0
13,205,13205,Mitchell,21755,22
13,207,13207,Monroe,27957,38
13,209,13209,Montgomery,8610,0
13,211,13211,Morgan,20097,24
13,213,13213,Murray,39973,24
13,215,13215,Muscogee,206922,704
13,217,13217,Newton,112483,192
13,219,13219,Oconee,41799,679
13,221,13221,Oglethorpe,14825,0
13,223,13223,Paulding,168661,456
13,225,13225,Peach,27981,44
13,227,13227,Pickens,33216,49
13,229,13229,Pierce,19716,27
13,231,13231,Pike,18889,28
13,233,13233,Polk,42853,51
13,235,13235,Pulaski,9855,0
13,237,13237,Putnam,22047,31
13,239,13239,Quitman,2235,0
13,241,13241,Rabun,16883,0
13,243,13243,Randolph,6425,0
13,245,13245,Richmond,206607,779
13,247,13247,Rockdale,93570,170
13,249,13249,Schley,4547,0
13,251,13251,Screven,14067,0
13,253,13253,Seminole,9147,0
13,255,13255,Spalding,67306,101
13,257,13257,Stephens,26784,44
13,259,13259,Stewart,5314,46
13,261,13261,Sumter,29616,73
13,263,13263,Talbot,5733,0
13,265,13265,Taliaferro,1559,0
13,267,13267,Tattnall,22842,0
13,269,13269,Taylor,7816,0
13,271,13271,Telfair,12477,0
13,273,13273,Terrell,9185,0
13,275,13275,Thomas,45798,61
13,277,13277,Tift,41344,83
13,279,13279,Toombs,27030,34
13,281,13281,Towns,12493,24
13,283,13283,Treutlen,6406,0
13,285,13285,Troup,69426,118
13,287,13287,Turner,9006,0
13,289,13289,Twiggs,8022,0
13,291,13291,Union,24632,0
13,293,13293,Upson,27700,46
13,295,13295,Walker,67654,84
13,297,13297,Walton,96673,170
13,299,13299,Ware,36251,65
13,301,13301,Warren,5215,0
13,303,13303,Washington,19988,0
13,305,13305,Wayne,30144,28
13,307,13307,Webster,2348,0
13,309,13309,Wheeler,7471,0
13,311,13311,White,28003,38
13,313,13313,Whitfield,102864,239
13,315,13315,Wilcox,8766,0
13,317,13317,Wilkes,9565,0
13,319,13319,Wilkinson,8877,0
13,321,13321,Worth,20784,22
15,001,15001,Hawaii,200629,22746
15,003,15003,Honolulu,1016508,170144
15,005,15005,Kalawao,82,0
15,007,15007,Kauai,73298,7207
15,009,15009,Maui,164754,14438
16,001,16001,Ada,494967,4047
16,003,16003,Adams,4379,0
16,005,16005,Bannock,87018,398
16,007,16007,Bear Lake,6372,0
16,009,16009,Benewah,9530,0
16,011,16011,Bingham,47992,69
16,013,16013,Blaine,24272,86
16,015,16015,Boise,7610,0
16,017,16017,Bonner,47110,113
16,019,16019,Bonneville,123964,531
16,021,16021,Boundary,12056,22
16,023,16023,Butte,2574,0
16,025,16025,Camas,1077,0
16,027,16027,Canyon,231105,703
16,029,16029,Caribou,7027,0
16,031,16031,Cassia,24655,36
16,033,16033,Clark,790,0
16,035,16035,Clearwater,8734,0
16,037,16037,Custer,4275,0
16,039,16039,Elmore,28666,359
16,041,16041,Franklin,14194,0
16,043,16043,Fremont,13388,0
16,045,16045,Gem,19123,41
16,047,16047,Gooding,15598,0
16,049,16049,Idaho,16541,0
16,051,16051,Jefferson,30891,59
16,053,16053,Jerome,24237,0
16,055,16055,Kootenai,171362,588
16,057,16057,Latah,39517,329
16,059,16059,Lemhi,7974,0
16,061,16061,Lewis,3533,0
16,063,16063,Lincoln,5127,0
16,065,16065,Madison,52913,273
16,067,16067,Minidoka,21613,0
16,069,16069,Nez Perce,42090,110
16,071,16071,Oneida,4564,0
16,073,16073,Owyhee,11913,0
16,075,16075,Payette,25386,75
16,077,16077,Power,7878,0
16,079,16079,Shoshone,13169,28
16,081,16081,Teton,11630,22
16,083,16083,Twin Falls,90046,259
16,085,16085,Valley,11746,0
16,087,16087,Washington,10500,0
17,001,17001,Adams,65737,119
17,003,17003,Alexander,5240,0
17,005,17005,Bond,16725,0
17,007,17007,Boone,53448,131
17,009,17009,Brown,6244,0
17,011,17011,Bureau,33244,64
17,013,17013,Calhoun,4437,0
17,015,17015,Carroll,15702,0
17,017,17017,Cass,13042,0
17,019,17019,Champaign,205865,9836
17,021,17021,Christian,34032,30
17,023,17023,Clark,15455,0
17,025,17025,Clay,13288,0
17,027,17027,Clinton,36899,45
17,029,17029,Coles,46863,136
17,031,17031,Cook,5275541,94257
17,033,17033,Crawford,18679,0
17,035,17035,Cumberland,10450,0
17,037,17037,DeKalb,100420,572
17,039,17039,De Witt,15516,0
17,041,17041,Douglas,19740,0
17,043,17043,DuPage,932877,15971
17,045,17045,Edgar,16866,0
17,047,17047,Edwards,6245,0
17,049,17049,Effingham,34668,46
17,051,17051,Fayette,21488,0
17,053,17053,Ford,13534,0
17,055,17055,Franklin,37804,33
17,057,17057,Fulton,33609,0
17,059,17059,Gallatin,4946,0
17,061,17061,Greene,11985,0
17,063,17063,Grundy,52533,116
17,065,17065,Hamilton,7993,0
17,067,17067,Hancock,17620,0
17,069,17069,Hardin,3649,0
17,071,17071,Henderson,6387,0
17,073,17073,Henry,49284,64
17,075,17075,Iroquois,27077,28
17,077,17077,Jackson,52974,455
17,079,17079,Jasper,9287,0
17,081,17081,Jefferson,37113,48
17,083,17083,Jersey,21512,0
17,085,17085,Jo Daviess,22035,38
17,087,17087,Johnson,13308,0
17,089,17089,Kane,516522,2440
17,091,17091,Kankakee,107502,237
17,093,17093,Kendall,131869,587
17,095,17095,Knox,49967,109
17,097,17097,Lake,714342,10562
17,099,17099,LaSalle,109658,194
17,101,17101,Lawrence,15280,0
17,103,17103,Lee,34145,49
17,105,17105,Livingston,35815,57
17,107,17107,Logan,27987,39
17,109,17109,McDonough,27238,138
17,111,17111,McHenry,310229,1334
17,113,17113,McLean,170954,1113
17,115,17115,Macon,103998,247
17,117,17117,Macoupin,44967,46
17,119,17119,Madison,265859,702
17,121,17121,Marion,37729,41
17,123,17123,Marshall,11742,26
17,125,17125,Mason,13086,0
17,127,17127,Massac,14169,23
17,129,17129,Menard,12297,0
17,131,17131,Mercer,15699,0
17,133,17133,Monroe,34962,70
17,135,17135,Montgomery,28288,0
17,137,17137,Morgan,32915,38
17,139,17139,Moultrie,14526,0
17,141,17141,Ogle,51788,64
17,143,17143,Peoria,181830,1279
17,145,17145,Perry,20945,34
17,147,17147,Piatt,16673,0
17,149,17149,Pike,14739,0
17,151,17151,Pope,3763,0
17,153,17153,Pulaski,5193,0
17,155,17155,Putnam,5637,0
17,157,17157,Randolph,30163,27
17,159,17159,Richland,15813,44
17,161,17161,Rock Island,144672,305
17,163,17163,St. Clair,257400,757
17,165,17165,Saline,23768,33
17,167,17167,Sangamon,196343,860
17,169,17169,Schuyler,6902,0
17,171,17171,Scott,4949,0
17,173,17173,Shelby,20990,22
17,175,17175,Stark,5400,0
17,177,17177,Stephenson,44630,90
17,179,17179,Tazewell,131343,307
17,181,17181,Union,17244,0
17,183,17183,Vermilion,74188,86
17,185,17185,Wabash,11361,0
17,187,17187,Warren,16835,0
17,189,17189,Washington,13761,0
17,191,17191,Wayne,16179,27
17,193,17193,White,13877,0
17,195,17195,Whiteside,55691,85
17,197,17197,Will,696355,5763
17,199,17199,Williamson,67153,158
17,201,17201,Winnebago,285350,928
17,203,17203,Woodford,38467,65
18,001,18001,Adams,35809,45
18,003,18003,Allen,385410,1332
18,005,18005,Bartholomew,82208,815
18,007,18007,Benton,8719,0
18,009,18009,Blackford,12112,0
18,011,18011,Boone,70812,726
18,013,18013,Brown,15475,0
18,015,18015,Carroll,20306,0
18,017,18017,Cass,37870,73
18,019,18019,Clark,121093,239
18,021,18021,Clay,26466,29
18,023,18023,Clinton,33190,42
18,025,18025,Crawford,10526,0
18,027,18027,Daviess,33381,23
18,029,18029,Dearborn,50679,57
18,031,18031,Decatur,26472,28
18,033,18033,DeKalb,43265,57
18,035,18035,Delaware,111903,399
18,037,18037,Dubois,43637,53
18,039,18039,Elkhart,207047,377
18,041,18041,Fayette,23398,0
18,043,18043,Floyd,80484,220
18,045,18045,Fountain,16479,25
18,047,18047,Franklin,22785,27
18,049,18049,Fulton,20480,25
18,051,18051,Gibson,33011,48
18,053,18053,Grant,66674,172
18,055,18055,Greene,30803,31
18,057,18057,Hamilton,347467,5709
18,059,18059,Hancock,79840,169
18,061,18061,Harrison,39654,30
18,063,18063,Hendricks,174788,716
18,065,18065,Henry,48914,72
18,067,18067,Howard,83658,209
18,069,18069,Huntington,36662,50
18,071,18071,Jackson,46428,51
18,073,18073,Jasper,32918,50
18,075,18075,Jay,20478,0
18,077,18077,Jefferson,33147,94
18,079,18079,Jennings,27613,25
18,081,18081,Johnson,161765,640
18,083,18083,Knox,36282,38
18,085,18085,Kosciusko,80240,186
18,087,18087,LaGrange,40446,0
18,089,18089,Lake,498700,1360
18,091,18091,LaPorte,112417,190
18,093,18093,Lawrence,45011,62
18,095,18095,Madison,130129,205
18,097,18097,Marion,977203,3978
18,099,18099,Marshall,46095,71
18,101,18101,Martin,9812,0
18,103,18103,Miami,35962,31
18,105,18105,Monroe,139718,3069
18,107,18107,Montgomery,37936,57
18,109,18109,Morgan,71780,123
18,111,18111,Newton,13830,0
18,113,18113,Noble,47457,41
18,115,18115,Ohio,5940,0
18,117,18117,Orange,19867,33
18,119,18119,Owen,21321,0
18,121,18121,Parke,16156,0
18,123,18123,Perry,19170,0
18,125,18125,Pike,12250,0
18,127,18127,Porter,173215,548
18,129,18129,Posey,25222,46
18,131,18131,Pulaski,12514,0
18,133,18133,Putnam,36726,104
18,135,18135,Randolph,24502,0
18,137,18137,Ripley,28995,34
18,139,18139,Rush,16752,0
18,141,18141,St. Joseph,272912,2090
18,143,18143,Scott,24384,0
18,145,18145,Shelby,45055,54
18,147,18147,Spencer,19810,0
18,149,18149,Starke,23371,0
18,151,18151,Steuben,34435,50
18,153,18153,Sullivan,20817,0
18,155,18155,Switzerland,9737,0
18,157,18157,Tippecanoe,186251,5470
18,159,18159,Tipton,15359,22
18,161,18161,Union,7087,0
18,163,18163,Vanderburgh,180136,662
18,165,18165,Vermillion,15439,27
18,167,18167,Vigo,106153,506
18,169,18169,Wabash,30976,30
18,171,18171,Warren,8440,0
18,173,18173,Warrick,63898,243
18,175,18175,Washington,28182,0
18,177,18177,Wayne,66553,125
18,179,18179,Wells,28180,43
18,181,18181,White,24688,0
18,183,18183,Whitley,34191,51
19,001,19001,Adair,7496,0
19,003,19003,Adams,3704,0
19,005,19005,Allamakee,14061,0
19,007,19007,Appanoose,12317,0
19,009,19009,Audubon,5674,0
19,011,19011,Benton,25575,22
19,013,19013,Black Hawk,131144,436
19,015,19015,Boone,26715,52
19,017,19017,Bremer,24988,22
19,019,19019,Buchanan,20565,0
19,021,19021,Buena Vista,20823,29
19,023,19023,Butler,14334,0
19,025,19025,Calhoun,9927,0
19,027,19027,Carroll,20760,0
19,029,19029,Cass,13127,0
19,031,19031,Cedar,18505,27
19,033,19033,Cerro Gordo,43127,98
19,035,19035,Cherokee,11658,0
19,037,19037,Chickasaw,12012,0
19,039,19039,Clarke,9748,0
19,041,19041,Clay,16384,29
19,043,19043,Clayton,17043,0
19,045,19045,Clinton,46460,64
19,047,19047,Crawford,16525,0
19,049,19049,Dallas,99678,683
19,051,19051,Davis,9110,0
19,053,19053,Decatur,7645,0
19,055,19055,Delaware,17488,28
19,057,19057,Des Moines,38910,91
19,059,19059,Dickinson,17703,38
19,061,19061,Dubuque,99266,236
19,063,19063,Emmet,9388,0
19,065,19065,Fayette,19509,0
19,067,19067,Floyd,15627,0
19,069,19069,Franklin,10019,0
19,071,19071,Fremont,6605,0
19,073,19073,Greene,8771,0
19,075,19075,Grundy,12329,0
19,077,19077,Guthrie,10623,0
19,079,19079,Hamilton,15039,0
19,081,19081,Hancock,10795,0
19,083,19083,Hardin,16878,0
19,085,19085,Harrison,14582,0
19,087,19087,Henry,20482,51
19,089,19089,Howard,9469,0
19,091,19091,Humboldt,9597,0
19,093,19093,Ida,7005,0
19,095,19095,Iowa,16662,25
19,097,19097,Jackson,19485,0
19,099,19099,Jasper,37813,50
19,101,19101,Jefferson,15663,72
19,103,19103,Johnson,152854,3397
19,105,19105,Jones,20646,27
19,107,19107,Keokuk,10033,0
19,109,19109,Kossuth,14828,0
19,111,19111,Lee,33555,44
19,113,19113,Linn,230299,854
19,115,19115,Louisa,10837,0
19,117,19117,Lucas,8634,0
19,119,19119,Lyon,11934,33
19,121,19121,Madison,16548,0
19,123,19123,Mahaska,22190,39
19,125,19125,Marion,33414,82
19,127,19127,Marshall,40105,56
19,129,19129,Mills,14484,0
19,131,19131,Mitchell,10565,0
19,133,19133,Monona,8751,0
19,135,19135,Monroe,7577,0
19,137,19137,Montgomery,10330,0
19,139,19139,Muscatine,43235,74
19,141,19141,O'Brien,14182,0
19,143,19143,Osceola,6192,0
19,145,19145,Page,15211,25
19,147,19147,Palo Alto,8996,0
19,149,19149,Plymouth,25698,23
19,151,19151,Pocahontas,7078,0
19,153,19153,Polk,492401,2283
19,155,19155,Pottawattamie,93667,114
19,157,19157,Poweshiek,18662,72
19,159,19159,Ringgold,4663,0
19,161,19161,Sac,9814,0
19,163,19163,Scott,174669,684
19,165,19165,Shelby,11746,0
19,167,19167,Sioux,35872,63
19,169,19169,Story,98537,2293
19,171,19171,Tama,17135,22
19,173,19173,Taylor,5896,0
19,175,19175,Union,12138,24
19,177,19177,Van Buren,7203,0
19,179,19179,Wapello,35437,41
19,181,19181,Warren,52403,70
19,183,19183,Washington,22565,0
19,185,19185,Wayne,6497,0
19,187,19187,Webster,36999,34
19,189,19189,Winnebago,10679,0
19,191,19191,Winneshiek,20070,54
19,193,19193,Woodbury,105941,213
19,195,19195,Worth,7443,0
19,197,19197,Wright,12943,0
20,001,20001,Allen,12526,30
20,003,20003,Anderson,7836,0
20,005,20005,Atchison,16348,0
20,007,20007,Barber,4228,0
20,009,20009,Barton,25493,0
20,011,20011,Bourbon,14360,0
20,013,20013,Brown,9508,0
20,015,20015,Butler,67380,214
20,017,20017,Chase,2572,0
20,019,20019,Chautauqua,3379,0
20,021,20021,Cherokee,19362,0
20,023,20023,Cheyenne,2616,0
20,025,20025,Clark,1991,0
20,027,20027,Clay,8117,0
20,029,20029,Cloud,9032,0
20,031,20031,Coffey,8360,0
20,033,20033,Comanche,1689,0
20,035,20035,Cowley,34549,66
20,037,20037,Crawford,38972,103
20,039,20039,Decatur,2764,0
20,041,20041,Dickinson,18402,0
20,043,20043,Doniphan,7510,0
20,045,20045,Douglas,118785,1764
20,047,20047,Edwards,2907,0
20,049,20049,Elk,2483,0
20,051,20051,Ellis,28934,126
20,053,20053,Ellsworth,6376,0
20,055,20055,Finney,38470,78
20,057,20057,Ford,34287,25
20,059,20059,Franklin,25996,0
20,061,20061,Geary,36739,164
20,063,20063,Gove,2718,0
20,065,20065,Graham,2415,0
20,067,20067,Grant,7352,0
20,069,20069,Gray,5653,0
20,071,20071,Greeley,1284,0
20,073,20073,Greenwood,6016,0
20,075,20075,Hamilton,2518,0
20,077,20077,Harper,5485,0
20,079,20079,Harvey,34024,70
20,081,20081,Haskell,3780,0
20,083,20083,Hodgeman,1723,0
20,085,20085,Jackson,13232,0
20,087,20087,Jefferson,18368,24
20,089,20089,Jewell,2932,0
20,091,20091,Johnson,609863,6546
20,093,20093,Kearny,3983,0
20,095,20095,Kingman,7470,0
20,097,20097,Kiowa,2460,0
20,099,20099,Labette,20184,24
20,101,20101,Lane,1574,0
20,103,20103,Leavenworth,81881,179
20,105,20105,Lincoln,2939,0
20,107,20107,Linn,9591,0
20,109,20109,Logan,2762,0
20,111,20111,Lyon,32179,168
20,113,20113,McPherson,30223,43
20,115,20115,Marion,11823,0
20,117,20117,Marshall,10038,0
20,119,20119,Meade,4055,0
20,121,20121,Miami,34191,56
20,123,20123,Mitchell,5796,0
20,125,20125,Montgomery,31486,47
20,127,20127,Morris,5386,0
20,129,20129,Morton,2701,0
20,131,20131,Nemaha,10273,0
20,133,20133,Neosho,15904,0
20,135,20135,Ness,2687,0
20,137,20137,Norton,5459,0
20,139,20139,Osage,15766,30
20,141,20141,Osborne,3500,0
20,143,20143,Ottawa,5735,0
20,145,20145,Pawnee,6253,0
20,147,20147,Phillips,4981,0
20,149,20149,Pottawatomie,25348,62
20,151,20151,Pratt,9157,0
20,153,20153,Rawlins,2561,0
20,155,20155,Reno,61898,97
20,157,20157,Republic,4674,0
20,159,20159,Rice,9427,0
20,161,20161,Riley,71959,980
20,163,20163,Rooks,4919,0
20,165,20165,Rush,2956,0
20,167,20167,Russell,6691,0
20,169,20169,Saline,54303,149
20,171,20171,Scott,5151,0
20,173,20173,Sedgwick,523824,2297
20,175,20175,Seward,21964,46
20,177,20177,Shawnee,178909,610
20,179,20179,Sheridan,2447,0
20,181,20181,Sherman,5927,0
20,183,20183,Smith,3570,0
20,185,20185,Stafford,4072,0
20,187,20187,Stanton,2084,0
20,189,20189,Stevens,5250,0
20,191,20191,Sumner,22382,0
20,193,20193,Thomas,7930,0
20,195,20195,Trego,2808,0
20,197,20197,Wabaunsee,6877,0
20,199,20199,Wallace,1512,0
20,201,20201,Washington,5530,0
20,203,20203,Wichita,2152,0
20,205,20205,Wilson,8624,0
20,207,20207,Woodson,3115,0
20,209,20209,Wyandotte,169245,314
21,001,21001,Adair,18903,0
21,003,21003,Allen,20588,0
21,005,21005,Anderson,23852,34
21,007,21007,Ballard,7728,0
21,009,21009,Barren,44485,55
21,011,21011,Bath,12750,0
21,013,21013,Bell,24097,33
21,015,21015,Boone,135968,559
21,017,21017,Bourbon,20252,30
21,019,21019,Boyd,48261,51
21,021,21021,Boyle,30614,58
21,023,21023,Bracken,8400,0
21,025,21025,Breathitt,13718,0
21,027,21027,Breckinridge,20432,0
21,029,21029,Bullitt,82217,109
21,031,21031,Butler,12371,0
21,033,21033,Caldwell,12649,0
21,035,21035,Calloway,37103,95
21,037,21037,Campbell,93076,224
21,039,21039,Carlisle,4826,0
21,041,21041,Carroll,10810,0
21,043,21043,Carter,26627,0
21,045,21045,Casey,15941,0
21,047,21047,Christian,72748,150
21,049,21049,Clark,36972,75
21,051,21051,Clay,20345,0
21,053,21053,Clinton,9253,0
21,055,21055,Crittenden,8990,0
21,057,21057,Cumberland,5888,0
21,059,21059,Daviess,103312,143
21,061,21061,Edmonson,12126,0
21,063,21063,Elliott,7354,0
21,065,21065,Estill,14163,0
21,067,21067,Fayette,322570,3417
21,069,21069,Fleming,15082,0
21,071,21071,Floyd,35942,32
21,073,21073,Franklin,51541,98
21,075,21075,Fulton,6515,0
21,077,21077,Gallatin,8690,0
21,079,21079,Garrard,16953,0
21,081,21081,Grant,24941,28
21,083,21083,Graves,36649,70
21,085,21085,Grayson,26420,0
21,087,21087,Green,11107,0
21,089,21089,Greenup,35962,34
21,091,21091,Hancock,9095,0
21,093,21093,Hardin,110702,340
21,095,21095,Harlan,26831,0
21,097,21097,Harrison,18692,0
21,099,21099,Hart,19288,22
21,101,21101,Henderson,44793,82
21,103,21103,Henry,15678,0
21,105,21105,Hickman,4521,0
21,107,21107,Hopkins,45423,77
21,109,21109,Jackson,12955,0
21,111,21111,Jefferson,782969,3614
21,113,21113,Jessamine,52991,156
21,115,21115,Johnson,22680,28
21,117,21117,Kenton,169064,447
21,119,21119,Knott,14251,0
21,121,21121,Knox,30193,0
21,123,21123,Larue,14867,0
21,125,21125,Laurel,62613,63
21,127,21127,Lawrence,16293,0
21,129,21129,Lee,7395,0
21,131,21131,Leslie,10513,0
21,133,21133,Letcher,21548,0
21,135,21135,Lewis,13080,0
21,137,21137,Lincoln,24275,27
21,139,21139,Livingston,8888,0
21,141,21141,Logan,27432,34
21,143,21143,Lyon,8680,0
21,145,21145,McCracken,67875,201
21,147,21147,McCreary,16888,0
21,149,21149,McLean,9152,0
21,151,21151,Madison,92701,173
21,153,21153,Magoffin,11637,0
21,155,21155,Marion,19581,0
21,157,21157,Marshall,31659,39
21,159,21159,Martin,11287,0
21,161,21161,Mason,17120,0
21,163,21163,Meade,30003,42
21,165,21165,Menifee,6113,0
21,167,21167,Mercer,22641,32
21,169,21169,Metcalfe,10286,0
21,171,21171,Monroe,11338,0
21,173,21173,Montgomery,28114,43
21,175,21175,Morgan,13726,0
21,177,21177,Muhlenberg,30928,28
21,179,21179,Nelson,46738,59
21,181,21181,Nicholas,7537,0
21,183,21183,Ohio,23772,23
21,185,21185,Oldham,67607,372
21,187,21187,Owen,11278,0
21,189,21189,Owsley,4051,0
21,191,21191,Pendleton,14644,0
21,193,21193,Perry,28473,37
21,195,21195,Pike,58669,65
21,197,21197,Powell,13129,0
21,199,21199,Pulaski,65034,43
21,201,21201,Robertson,2193,0
21,203,21203,Rockcastle,16037,0
21,205,21205,Rowan,24662,60
21,207,21207,Russell,17991,33
21,209,21209,Scott,57155,150
21,211,21211,Shelby,48065,121
21,213,21213,Simpson,19594,0
21,215,21215,Spencer,19490,25
21,217,21217,Taylor,26023,61
21,219,21219,Todd,12243,0
21,221,21221,Trigg,14061,0
21,223,21223,Trimble,8474,0
21,225,21225,Union,13668,0
21,227,21227,Warren,134554,511
21,229,21229,Washington,12027,0
21,231,21231,Wayne,19555,0
21,233,21233,Webster,13017,0
21,235,21235,Whitley,36712,50
21,237,21237,Wolfe,6562,0
21,239,21239,Woodford,26871,72
22,001,22001,Acadia,57576,29
22,003,22003,Allen,22750,0
22,005,22005,Ascension,126500,371
22,007,22007,Assumption,21039,0
22,009,22009,Avoyelles,39693,27
22,011,22011,Beauregard,36549,38
22,013,22013,Bienville,12981,0
22,015,22015,Bossier,128746,339
22,017,22017,Caddo,237848,690
22,019,22019,Calcasieu,216785,426
22,021,22021,Caldwell,9645,0
22,023,22023,Cameron,5617,0
22,025,22025,Catahoula,8906,0
22,027,22027,Claiborne,14170,0
22,029,22029,Concordia,18687,0
22,031,22031,De Soto,26812,42
22,033,22033,East Baton Rouge,456781,2783
22,035,22035,East Carroll,7459,0
22,037,22037,East Feliciana,19539,0
22,039,22039,Evangeline,32350,56
22,041,22041,Franklin,19774,0
22,043,22043,Grant,22169,0
22,045,22045,Iberia,69929,89
22,047,22047,Iberville,30241,42
22,049,22049,Jackson,15031,34
22,051,22051,Jefferson,440781,3298
22,053,22053,Jefferson Davis,32250,29
22,055,22055,Lafayette,241753,833
22,057,22057,Lafourche,97557,140
22,059,22059,LaSalle,14791,43
22,061,22061,Lincoln,48396,184
22,063,22063,Livingston,142282,269
22,065,22065,Madison,10017,0
22,067,22067,Morehouse,25629,26
22,069,22069,Natchitoches,37515,82
22,071,22071,Orleans,383997,1882
22,073,22073,Ouachita,160368,295
22,075,22075,Plaquemines,23515,74
22,077,22077,Pointe Coupee,20758,24
22,079,22079,Rapides,130023,212
22,081,22081,Red River,7620,0
22,083,22083,Richland,20043,0
22,085,22085,Sabine,22155,0
22,087,22087,St. Bernard,43764,93
22,089,22089,St. Charles,52549,147
22,091,22091,St. Helena,10920,0
22,093,22093,St. James,20192,0
22,095,22095,St. John the Baptist,42477,53
22,097,22097,St. Landry,82540,66
22,099,22099,St. Martin,51767,48
22,101,22101,St. Mary,49406,38
22,103,22103,St. Tammany,264570,975
22,105,22105,Tangipahoa,133157,233
22,107,22107,Tensas,4147,0
22,109,22109,Terrebonne,109580,220
22,111,22111,Union,21107,0
22,113,22113,Vermilion,57359,84
22,115,22115,Vernon,48750,126
22,117,22117,Washington,45463,41
22,119,22119,Webster,36967,0
22,121,22121,West Baton Rouge,27199,43
22,123,22123,West Carroll,9751,0
22,125,22125,West Feliciana,15310,0
22,127,22127,Winn,13755,24
23,001,23001,Androscoggin,111139,325
23,003,23003,Aroostook,67105,147
23,005,23005,Cumberland,303069,1913
23,007,23007,Franklin,29456,173
23,009,23009,Hancock,55478,183
23,011,23011,Kennebec,123642,420
23,013,23013,Knox,40607,116
23,015,23015,Lincoln,35237,80
23,017,23017,Oxford,57777,98
23,019,23019,Penobscot,152199,713
23,021,23021,Piscataquis,16800,62
23,023,23023,Sagadahoc,36699,98
23,025,23025,Somerset,50477,87
23,027,23027,Waldo,39607,68
23,029,23029,Washington,31095,56
23,031,23031,York,211972,707
24,001,24001,Allegany,68106,247
24,003,24003,Anne Arundel,588261,4872
24,005,24005,Baltimore,854535,9004
24,009,24009,Calvert,92783,470
24,011,24011,Caroline,33293,54
24,013,24013,Carroll,172891,939
24,015,24015,Cecil,103725,323
24,017,24017,Charles,166617,697
24,019,24019,Dorchester,32531,46
24,021,24021,Frederick,271717,2755
24,023,24023,Garrett,28806,42
24,025,24025,Harford,260924,1742
24,027,24027,Howard,332317,13418
24,029,24029,Kent,19198,42
24,031,24031,Montgomery,1062061,48564
24,033,24033,Prince George's,967201,7714
24,035,24035,Queen Anne's,49874,158
24,037,24037,St. Mary's,113777,563
24,039,24039,Somerset,24620,45
24,041,24041,Talbot,37526,106
24,043,24043,Washington,154705,599
24,045,24045,Wicomico,103588,491
24,047,24047,Worcester,52460,182
24,510,24510,Baltimore,585708,7119
25,001,25001,Barnstable,228996,1028
25,003,25003,Berkshire,129026,764
25,005,25005,Bristol,579200,3345
25,007,25007,Dukes,20600,71
25,009,25009,Essex,809829,7044
25,011,25011,Franklin,71029,515
25,013,25013,Hampden,465825,2237
25,015,25015,Hampshire,162308,3523
25,017,25017,Middlesex,1632002,77405
25,019,25019,Nantucket,14255,42
25,021,25021,Norfolk,725981,45877
25,023,25023,Plymouth,530819,2630
25,025,25025,Suffolk,797936,36612
25,027,25027,Worcester,862111,9318
26,001,26001,Alcona,10167,0
26,003,26003,Alger,8842,0
26,005,26005,Allegan,120502,245
26,007,26007,Alpena,28907,37
26,009,26009,Antrim,23431,0
26,011,26011,Arenac,15002,0
26,013,26013,Baraga,8158,0
26,015,26015,Barry,62423,70
26,017,26017,Bay,103856,118
26,019,26019,Benzie,17970,32
26,021,26021,Berrien,154316,566
26,023,26023,Branch,44862,26
26,025,26025,Calhoun,134310,250
26,027,26027,Cass,51589,48
26,029,26029,Charlevoix,26054,26
26,031,26031,Cheboygan,25579,0
26,033,26033,Chippewa,36785,33
26,035,26035,Clare,30856,0
26,037,26037,Clinton,79128,735
26,039,26039,Crawford,12988,0
26,041,26041,Delta,36903,51
26,043,26043,Dickinson,25947,61
26,045,26045,Eaton,109175,322
26,047,26047,Emmet,34112,51
26,049,26049,Genesee,406211,788
26,051,26051,Gladwin,25386,0
26,053,26053,Gogebic,14380,0
26,055,26055,Grand Traverse,95238,252
26,057,26057,Gratiot,41761,34
26,059,26059,Hillsdale,45746,32
26,061,26061,Houghton,37361,335
26,063,26063,Huron,31407,33
26,065,26065,Ingham,284900,4296
26,067,26067,Ionia,66804,52
26,069,26069,Iosco,25237,47
26,071,26071,Iron,11631,0
26,073,26073,Isabella,64394,340
26,075,26075,Jackson,160366,241
26,077,26077,Kalamazoo,261670,1572
26,079,26079,Kalkaska,17939,22
26,081,26081,Kent,657974,3646
26,083,26083,Keweenaw,2046,0
26,085,26085,Lake,12096,0
26,087,26087,Lapeer,88619,122
26,089,26089,Leelanau,22301,34
26,091,26091,Lenawee,99423,149
26,093,26093,Livingston,193866,561
26,095,26095,Luce,5339,0
26,097,26097,Mackinac,10834,0
26,099,26099,Macomb,881217,3872
26,101,26101,Manistee,25032,0
26,103,26103,Marquette,66017,97
26,105,26105,Mason,29052,36
26,107,26107,Mecosta,39714,70
26,109,26109,Menominee,23502,0
26,111,26111,Midland,83494,644
26,113,26113,Missaukee,15052,0
26,115,26115,Monroe,154809,259
26,117,26117,Montcalm,66614,60
26,119,26119,Montmorency,9153,0
26,121,26121,Muskegon,175824,357
26,123,26123,Newaygo,49978,67
26,125,26125,Oakland,1274395,18532
26,127,26127,Oceana,26659,0
26,129,26129,Ogemaw,20770,0
26,131,26131,Ontonagon,5816,0
26,133,26133,Osceola,22891,30
26,135,26135,Oscoda,8219,0
26,137,26137,Otsego,25091,28
26,139,26139,Ottawa,296200,1318
26,141,26141,Presque Isle,12982,0
26,143,26143,Roscommon,23459,0
26,145,26145,Saginaw,190124,384
26,147,26147,St. Clair,160383,168
26,149,26149,St. Joseph,60939,51
26,151,26151,Sanilac,40611,31
26,153,26153,Schoolcraft,8047,0
26,155,26155,Shiawassee,68094,49
26,157,26157,Tuscola,53323,23
26,159,26159,Van Buren,75587,102
26,161,26161,Washtenaw,372258,13567
26,163,26163,Wayne,1793561,8244
26,165,26165,Wexford,33673,37
27,001,27001,Aitkin,15697,0
27,003,27003,Anoka,363887,2489
27,005,27005,Becker,35183,28
27,007,27007,Beltrami,46228,84
27,009,27009,Benton,41379,54
27,011,27011,Big Stone,5166,0
27,013,27013,Blue Earth,69112,309
27,015,27015,Brown,25912,23
27,017,27017,Carlton,36207,48
27,019,27019,Carver,106922,771
27,021,27021,Cass,30066,0
27,023,27023,Chippewa,12598,0
27,025,27025,Chisago,56621,103
27,027,27027,Clay,65318,153
27,029,27029,Clearwater,8524,0
27,031,27031,Cook,5600,0
27,033,27033,Cottonwood,11517,0
27,035,27035,Crow Wing,66123,91
27,037,27037,Dakota,439882,3620
27,039,27039,Dodge,20867,28
27,041,27041,Douglas,39006,73
27,043,27043,Faribault,13921,0
27,045,27045,Fillmore,21228,0
27,047,27047,Freeborn,30895,31
27,049,27049,Goodhue,47582,94
27,051,27051,Grant,6074,0
27,053,27053,Hennepin,1281565,16748
27,055,27055,Houston,18843,22
27,057,27057,Hubbard,21344,0
27,059,27059,Isanti,41135,57
27,061,27061,Itasca,45014,61
27,063,27063,Jackson,9989,0
27,065,27065,Kanabec,16032,0
27,067,27067,Kandiyohi,43732,34
27,069,27069,Kittson,4207,0
27,071,27071,Koochiching,12062,0
27,073,27073,Lac qui Parle,6719,0
27,075,27075,Lake,10905,0
27,077,27077,Lake of the Woods,3763,0
27,079,27079,Le Sueur,28674,34
27,081,27081,Lincoln,5640,0
27,083,27083,Lyon,25269,25
27,085,27085,McLeod,36771,46
27,087,27087,Mahnomen,5411,0
27,089,27089,Marshall,9040,0
27,091,27091,Martin,20025,32
27,093,27093,Meeker,23400,28
27,095,27095,Mille Lacs,26459,33
27,097,27097,Morrison,34010,35
27,099,27099,Mower,40029,116
27,101,27101,Murray,8179,0
27,103,27103,Nicollet,34454,91
27,105,27105,Nobles,22290,47
27,107,27107,Norman,6441,0
27,109,27109,Olmsted,162847,2193
27,111,27111,Otter Tail,60081,66
27,113,27113,Pennington,13992,42
27,115,27115,Pine,28876,0
27,117,27117,Pipestone,9424,0
27,119,27119,Polk,31192,40
27,121,27121,Pope,11308,0
27,123,27123,Ramsey,552352,6315
27,125,27125,Red Lake,3935,0
27,127,27127,Redwood,15425,0
27,129,27129,Renville,14723,0
27,131,27131,Rice,67097,281
27,133,27133,Rock,9704,0
27,135,27135,Roseau,15331,40
27,137,27137,St. Louis,200231,637
27,139,27139,Scott,150928,1227
27,141,27141,Sherburne,97183,215
27,143,27143,Sibley,14836,0
27,145,27145,Stearns,158292,550
27,147,27147,Steele,37406,104
27,149,27149,Stevens,9671,41
27,151,27151,Swift,9838,0
27,153,27153,Todd,25262,0
27,155,27155,Traverse,3360,0
27,157,27157,Wabasha,21387,31
27,159,27159,Wadena,14065,25
27,161,27161,Waseca,18968,33
27,163,27163,Washington,267568,2466
27,165,27165,Watonwan,11253,0
27,167,27167,Wilkin,6506,0
27,169,27169,Winona,49671,176
27,171,27171,Wright,141337,363
27,173,27173,Yellow Medicine,9528,0
28,001,28001,Adams,29538,28
28,003,28003,Alcorn,34740,44
28,005,28005,Amite,12720,0
28,007,28007,Attala,17889,0
28,009,28009,Benton,7646,0
28,011,28011,Bolivar,30985,68
28,013,28013,Calhoun,13266,0
28,015,28015,Carroll,9998,0
28,017,28017,Chickasaw,17106,22
28,019,28019,Choctaw,8246,0
28,021,28021,Claiborne,9135,0
28,023,28023,Clarke,15615,0
28,025,28025,Clay,18636,0
28,027,28027,Coahoma,21390,74
28,029,28029,Copiah,28368,0
28,031,28031,Covington,18340,0
28,033,28033,DeSoto,185314,673
28,035,28035,Forrest,78158,144
28,037,28037,Franklin,7675,0
28,039,28039,George,24350,23
28,041,28041,Greene,13530,0
28,043,28043,Grenada,21629,26
28,045,28045,Hancock,46053,85
28,047,28047,Harrison,208621,662
28,049,28049,Hinds,227742,437
28,051,28051,Holmes,17000,0
28,053,28053,Humphreys,7785,0
28,055,28055,Issaquena,1338,0
28,057,28057,Itawamba,23863,0
28,059,28059,Jackson,143252,340
28,061,28061,Jasper,16367,0
28,063,28063,Jefferson,7260,0
28,065,28065,Jefferson Davis,11321,0
28,067,28067,Jones,67246,65
28,069,28069,Kemper,8988,0
28,071,28071,Lafayette,55813,492
28,073,28073,Lamar,64222,351
28,075,28075,Lauderdale,72984,114
28,077,28077,Lawrence,12016,0
28,079,28079,Leake,21275,0
28,081,28081,Lee,83343,187
28,083,28083,Leflore,28339,71
28,085,28085,Lincoln,34907,24
28,087,28087,Lowndes,58879,104
28,089,28089,Madison,109145,758
28,091,28091,Marion,24441,27
28,093,28093,Marshall,33752,30
28,095,28095,Monroe,34180,0
28,097,28097,Montgomery,9822,0
28,099,28099,Neshoba,29087,30
28,101,28101,Newton,21291,0
28,103,28103,Noxubee,10285,0
28,105,28105,Oktibbeha,51788,463
28,107,28107,Panola,33208,0
28,109,28109,Pearl River,56145,74
28,111,28111,Perry,11511,0
28,113,28113,Pike,40324,23
28,115,28115,Pontotoc,31184,0
28,117,28117,Prentiss,25008,0
28,119,28119,Quitman,6176,0
28,121,28121,Rankin,157031,458
28,123,28123,Scott,27990,0
28,125,28125,Sharkey,3800,0
28,127,28127,Simpson,25949,0
28,129,28129,Smith,14209,0
28,131,28131,Stone,18333,0
28,133,28133,Sunflower,25971,34
28,135,28135,Tallahatchie,12715,0
28,137,28137,Tate,28064,29
28,139,28139,Tippah,21815,0
28,141,28141,Tishomingo,18850,0
28,143,28143,Tunica,9782,0
28,145,28145,Union,27777,32
28,147,28147,Walthall,13884,0
28,149,28149,Warren,44722,94
28,151,28151,Washington,44922,106
28,153,28153,Wayne,19779,0
28,155,28155,Webster,9926,0
28,157,28157,Wilkinson,8587,0
28,159,28159,Winston,17714,0
28,161,28161,Yalobusha,12481,0
28,163,28163,Yazoo,26743,0
29,001,29001,Adair,25314,251
29,003,29003,Andrew,18135,0
29,005,29005,Atchison,5305,0
29,007,29007,Audrain,24962,44
29,009,29009,Barry,34534,0
29,011,29011,Barton,11637,0
29,013,29013,Bates,16042,0
29,015,29015,Benton,19394,0
29,017,29017,Bollinger,10567,0
29,019,29019,Boone,183610,2404
29,021,29021,Buchanan,84793,190
29,023,29023,Butler,42130,63
29,025,29025,Caldwell,8815,0
29,027,29027,Callaway,44283,74
29,029,29029,Camden,42745,62
29,031,29031,Cape Girardeau,81710,411
29,033,29033,Carroll,8495,0
29,035,29035,Carter,5202,0
29,037,29037,Cass,107824,225
29,039,29039,Cedar,14188,0
29,041,29041,Chariton,7408,0
29,043,29043,Christian,88842,166
29,045,29045,Clark,6634,0
29,047,29047,Clay,253335,945
29,049,29049,Clinton,21184,29
29,051,29051,Cole,77279,161
29,053,29053,Cooper,17103,0
29,055,29055,Crawford,23056,27
29,057,29057,Dade,7569,0
29,059,29059,Dallas,17071,0
29,061,29061,Daviess,8430,0
29,063,29063,DeKalb,11029,0
29,065,29065,Dent,14421,0
29,067,29067,Douglas,11578,0
29,069,29069,Dunklin,28283,27
29,071,29071,Franklin,104682,134
29,073,29073,Gasconade,14794,22
29,075,29075,Gentry,6162,0
29,077,29077,Greene,298915,1629
29,079,29079,Grundy,9808,0
29,081,29081,Harrison,8157,0
29,083,29083,Henry,21946,0
29,085,29085,Hickory,8279,0
29,087,29087,Holt,4223,0
29,089,29089,Howard,10151,0
29,091,29091,Howell,39750,64
29,093,29093,Iron,9537,0
29,095,29095,Jackson,717204,2824
29,097,29097,Jasper,122761,264
29,099,29099,Jefferson,226739,487
29,101,29101,Johnson,54013,179
29,103,29103,Knox,3744,0
29,105,29105,Laclede,36039,31
29,107,29107,Lafayette,32984,37
29,109,29109,Lawrence,38001,0
29,111,29111,Lewis,10032,0
29,113,29113,Lincoln,59574,57
29,115,29115,Linn,11874,0
29,117,29117,Livingston,14557,0
29,119,29119,McDonald,23303,25
29,121,29121,Macon,15209,29
29,123,29123,Madison,12626,0
29,125,29125,Maries,8432,0
29,127,29127,Marion,28525,72
29,129,29129,Mercer,3538,0
29,131,29131,Miller,24722,0
29,133,29133,Mississippi,12577,0
29,135,29135,Moniteau,15473,0
29,137,29137,Monroe,8666,0
29,139,29139,Montgomery,11322,0
29,141,29141,Morgan,21006,32
29,143,29143,New Madrid,16434,0
29,145,29145,Newton,58648,91
29,147,29147,Nodaway,21241,51
29,149,29149,Oregon,8635,0
29,151,29151,Osage,13274,0
29,153,29153,Ozark,8553,0
29,155,29155,Pemiscot,15661,0
29,157,29157,Perry,18956,33
29,159,29159,Pettis,42980,44
29,161,29161,Phelps,44638,645
29,163,29163,Pike,17587,23
29,165,29165,Platte,106718,582
29,167,29167,Polk,31519,49
29,169,29169,Pulaski,53955,179
29,171,29171,Putnam,4681,0
29,173,29173,Ralls,10355,0
29,175,29175,Randolph,24716,25
29,177,29177,Ray,23158,24
29,179,29179,Reynolds,6096,0
29,181,29181,Ripley,10679,0
29,183,29183,St. Charles,405262,2143
29,185,29185,St. Clair,9284,0
29,186,29186,Ste. Genevieve,18479,26
29,187,29187,St. Francois,66922,88
29,189,29189,St. Louis,1004125,13178
29,195,29195,Saline,23333,0
29,197,29197,Schuyler,4032,0
29,199,29199,Scotland,4716,0
29,201,29201,Scott,38059,59
29,203,29203,Shannon,7031,0
29,205,29205,Shelby,6103,0
29,207,29207,Stoddard,28672,0
29,209,29209,Stone,31076,35
29,211,29211,Sullivan,5999,0
29,213,29213,Taney,56066,109
29,215,29215,Texas,24487,0
29,217,29217,Vernon,19707,26
29,219,29219,Warren,35532,36
29,221,29221,Washington,23514,0
29,223,29223,Wayne,10974,0
29,225,29225,Webster,39085,27
29,227,29227,Worth,1973,0
29,229,29229,Wright,18188,0
29,510,29510,St. Louis,301578,3364
30,001,30001,Beaverhead,9371,0
30,003,30003,Big Horn,13124,25
30,005,30005,Blaine,7044,0
30,007,30007,Broadwater,6774,0
30,009,30009,Carbon,10473,0
30,011,30011,Carter,1415,0
30,013,30013,Cascade,84414,194
30,015,30015,Chouteau,5895,0
30,017,30017,Custer,11867,32
30,019,30019,Daniels,1661,0
30,021,30021,Dawson,8940,0
30,023,30023,Deer Lodge,9421,0
30,025,30025,Fallon,3049,0
30,027,30027,Fergus,11446,0
30,029,30029,Flathead,104357,274
30,031,30031,Gallatin,118960,613
30,033,30033,Garfield,1173,0
30,035,30035,Glacier,13778,0
30,037,30037,Golden Valley,823,0
30,039,30039,Granite,3309,0
30,041,30041,Hill,16309,0
30,043,30043,Jefferson,12085,0
30,045,30045,Judith Basin,2023,0
30,047,30047,Lake,31134,72
30,049,30049,Lewis and Clark,70973,170
30,051,30051,Liberty,1959,0
30,053,30053,Lincoln,19677,36
30,055,30055,McCone,1729,0
30,057,30057,Madison,8623,0
30,059,30059,Meagher,1927,0
30,061,30061,Mineral,4535,0
30,063,30063,Missoula,117922,475
30,065,30065,Musselshell,4730,0
30,067,30067,Park,17191,52
30,069,30069,Petroleum,496,0
30,071,30071,Phillips,4217,0
30,073,30073,Pondera,5898,0
30,075,30075,Powder River,1694,0
30,077,30077,Powell,6946,0
30,079,30079,Prairie,1088,0
30,081,30081,Ravalli,44174,74
30,083,30083,Richland,11491,0
30,085,30085,Roosevelt,10794,0
30,087,30087,Rosebud,8329,0
30,089,30089,Sanders,12400,0
30,091,30091,Sheridan,3539,0
30,093,30093,Silver Bow,35133,50
30,095,30095,Stillwater,8963,0
30,097,30097,Sweet Grass,3678,0
30,099,30099,Teton,6226,0
30,101,30101,Toole,4971,0
30,103,30103,Treasure,762,0
30,105,30105,Valley,7578,0
30,107,30107,Wheatland,2069,0
30,109,30109,Wibaux,937,0
30,111,30111,Yellowstone,164731,507
31,001,31001,Adams,31205,49
31,003,31003,Antelope,6295,0
31,005,31005,Arthur,434,0
31,007,31007,Banner,674,0
31,009,31009,Blaine,431,0
31,011,31011,Boone,5379,0
31,013,31013,Box Butte,10842,0
31,015,31015,Boyd,1810,0
31,017,31017,Brown,2903,0
31,019,31019,Buffalo,50084,118
31,021,31021,Burt,6722,0
31,023,31023,Butler,8369,0
31,025,31025,Cass,26598,44
31,027,31027,Cedar,8380,0
31,029,31029,Chase,3893,0
31,031,31031,Cherry,5455,0
31,033,31033,Cheyenne,9468,0
31,035,31035,Clay,6104,0
31,037,31037,Colfax,10582,0
31,039,31039,Cuming,9013,0
31,041,31041,Custer,10545,0
31,043,31043,Dakota,21582,34
31,045,31045,Dawes,8199,23
31,047,31047,Dawson,24111,26
31,049,31049,Deuel,1838,0
31,051,31051,Dixon,5606,0
31,053,31053,Dodge,37167,39
31,055,31055,Douglas,584526,3594
31,057,31057,Dundy,1654,0
31,059,31059,Fillmore,5551,0
31,061,31061,Franklin,2889,0
31,063,31063,Frontier,2519,0
31,065,31065,Furnas,4636,0
31,067,31067,Gage,21704,25
31,069,31069,Garden,1874,0
31,071,31071,Garfield,1813,0
31,073,31073,Gosper,1893,0
31,075,31075,Grant,611,0
31,077,31077,Greeley,2188,0
31,079,31079,Hall,62895,97
31,081,31081,Hamilton,9429,0
31,083,31083,Harlan,3073,0
31,085,31085,Hayes,856,0
31,087,31087,Hitchcock,2616,0
31,089,31089,Holt,10127,24
31,091,31091,Hooker,711,0
31,093,31093,Howard,6475,0
31,095,31095,Jefferson,7240,0
31,097,31097,Johnson,5290,0
31,099,31099,Kearney,6688,0
31,101,31101,Keith,8335,0
31,103,31103,Keya Paha,769,0
31,105,31105,Kimball,3434,0
31,107,31107,Knox,8391,0
31,109,31109,Lancaster,322608,2371
31,111,31111,Lincoln,34676,67
31,113,31113,Logan,716,0
31,115,31115,Loup,607,0
31,117,31117,McPherson,399,0
31,119,31119,Madison,35585,80
31,121,31121,Merrick,7668,33
31,123,31123,Morrill,4555,0
31,125,31125,Nance,3380,0
31,127,31127,Nemaha,7074,0
31,129,31129,Nuckolls,4095,0
31,131,31131,Otoe,15912,0
31,133,31133,Pawnee,2544,0
31,135,31135,Perkins,2858,0
31,137,31137,Phelps,8968,0
31,139,31139,Pierce,7317,0
31,141,31141,Platte,34296,57
31,143,31143,Polk,5214,0
31,145,31145,Red Willow,10702,0
31,147,31147,Richardson,7871,0
31,149,31149,Rock,1262,0
31,151,31151,Saline,14292,0
31,153,31153,Sarpy,190604,840
31,155,31155,Saunders,22278,0
31,157,31157,Scotts Bluff,36084,67
31,159,31159,Seward,17609,30
31,161,31161,Sheridan,5127,0
31,163,31163,Sherman,2959,0
31,165,31165,Sioux,1135,0
31,167,31167,Stanton,5842,0
31,169,31169,Thayer,5034,0
31,171,31171,Thomas,669,0
31,173,31173,Thurston,6773,0
31,175,31175,Valley,4059,0
31,177,31177,Washington,20865,31
31,179,31179,Wayne,9697,56
31,181,31181,Webster,3395,0
31,183,31183,Wheeler,774,0
31,185,31185,York,14125,0
32,001,32001,Churchill,25516,122
32,003,32003,Clark,2265461,52063
32,005,32005,Douglas,49488,283
32,007,32007,Elko,53702,192
32,009,32009,Esmeralda,729,0
32,011,32011,Eureka,1855,0
32,013,32013,Humboldt,17285,31
32,015,32015,Lander,5734,0
32,017,32017,Lincoln,4499,0
32,019,32019,Lyon,59235,247
32,021,32021,Mineral,4554,0
32,023,32023,Nye,51591,259
32,027,32027,Pershing,6650,0
32,029,32029,Storey,4104,29
32,031,32031,Washoe,486492,6393
32,033,32033,White Pine,9080,0
32,510,32510,Carson City,58639,305
33,001,33001,Belknap,63705,189
33,003,33003,Carroll,50107,120
33,005,33005,Cheshire,76458,307
33,007,33007,Coos,31268,60
33,009,33009,Grafton,91118,1249
33,011,33011,Hillsborough,422937,3316
33,013,33013,Merrimack,153808,688
33,015,33015,Rockingham,314176,2073
33,017,33017,Strafford,130889,1146
33,019,33019,Sullivan,43063,93
34,001,34001,Atlantic,274534,3999
34,003,34003,Bergen,955732,24294
34,005,34005,Burlington,461860,4207
34,007,34007,Camden,523485,5928
34,009,34009,Cape May,95263,257
34,011,34011,Cumberland,154152,356
34,013,34013,Essex,863728,13768
34,015,34015,Gloucester,302294,1779
34,017,34017,Hudson,724854,24948
34,019,34019,Hunterdon,128947,1516
34,021,34021,Mercer,387340,11117
34,023,34023,Middlesex,863162,28456
34,025,34025,Monmouth,643615,10938
34,027,34027,Morris,509285,12679
34,029,34029,Ocean,637229,2333
34,031,34031,Passaic,524118,3018
34,033,34033,Salem,64837,185
34,035,34035,Somerset,345361,15490
34,037,34037,Sussex,144221,773
34,039,34039,Union,575345,8410
34,041,34041,Warren,109632,612
35,001,35001,Bernalillo,676444,4867
35,003,35003,Catron,3579,0
35,005,35005,Chaves,65157,102
35,006,35006,Cibola,27172,33
35,007,35007,Colfax,12387,0
35,009,35009,Curry,48430,106
35,011,35011,De Baca,1698,0
35,013,35013,Doña Ana,219561,759
35,015,35015,Eddy,62314,104
35,017,35017,Grant,28185,46
35,019,35019,Guadalupe,4452,0
35,021,35021,Harding,657,0
35,023,35023,Hidalgo,4178,0
35,025,35025,Lea,74455,66
35,027,35027,Lincoln,20269,28
35,028,35028,Los Alamos,19419,570
35,029,35029,Luna,25427,33
35,031,35031,McKinley,72902,71
35,033,35033,Mora,4189,0
35,035,35035,Otero,67839,166
35,037,35037,Quay,8746,0
35,039,35039,Rio Arriba,40363,40
35,041,35041,Roosevelt,19191,40
35,043,35043,Sandoval,148834,703
35,045,35045,San Juan,121661,233
35,047,35047,San Miguel,27201,50
35,049,35049,Santa Fe,154823,727
35,051,35051,Sierra,11576,0
35,053,35053,Socorro,16595,89
35,055,35055,Taos,34489,113
35,057,35057,Torrance,15045,43
35,059,35059,Union,4079,0
35,061,35061,Valencia,76205,136
36,001,36001,Albany,314848,5941
36,003,36003,Allegany,46456,141
36,005,36005,Bronx,1472654,9981
36,007,36007,Broome,198683,2500
36,009,36009,Cattaraugus,77042,184
36,011,36011,Cayuga,76248,128
36,013,36013,Chautauqua,127657,283
36,015,36015,Chemung,84148,467
36,017,36017,Chenango,47220,74
36,019,36019,Clinton,79843,257
36,021,36021,Columbia,61570,243
36,023,36023,Cortland,46809,480
36,025,36025,Delaware,44308,169
36,027,36027,Dutchess,295911,3337
36,029,36029,Erie,954236,8167
36,031,36031,Essex,37381,74
36,033,36033,Franklin,47555,64
36,035,36035,Fulton,53324,108
36,037,36037,Genesee,58388,115
36,039,36039,Greene,47931,185
36,041,36041,Hamilton,5107,0
36,043,36043,Herkimer,60139,107
36,045,36045,Jefferson,116721,428
36,047,36047,Kings,2736074,237873
36,049,36049,Lewis,26582,0
36,051,36051,Livingston,61834,151
36,053,36053,Madison,68016,316
36,055,36055,Monroe,759443,8699
36,057,36057,Montgomery,49532,171
36,059,36059,Nassau,1395774,51534
36,061,36061,New York,1694251,119356
36,063,36063,Niagara,212666,531
36,065,36065,Oneida,232125,851
36,067,36067,Onondaga,476516,4478
36,069,36069,Ontario,112458,467
36,071,36071,Orange,401310,3817
36,073,36073,Orleans,40343,58
36,075,36075,Oswego,117525,233
36,077,36077,Otsego,58524,248
36,079,36079,Putnam,97668,802
36,081,36081,Queens,2405464,277719
36,083,36083,Rensselaer,161130,1962
36,085,36085,Richmond,495747,33933
36,087,36087,Rockland,338329,3158
36,089,36089,St. Lawrence,108505,367
36,091,36091,Saratoga,235509,2334
36,093,36093,Schenectady,158061,1369
36,095,36095,Schoharie,29714,53
36,097,36097,Schuyler,17898,42
36,099,36099,Seneca,33814,65
36,101,36101,Steuben,93584,542
36,103,36103,Suffolk,1525920,17645
36,105,36105,Sullivan,78624,512
36,107,36107,Tioga,48455,136
36,109,36109,Tompkins,105740,4964
36,111,36111,Ulster,181851,1487
36,113,36113,Warren,65737,220
36,115,36115,Washington,61302,120
36,117,36117,Wayne,91283,190
36,119,36119,Westchester,1004457,17804
36,121,36121,Wyoming,40531,51
36,123,36123,Yates,24774,30
37,001,37001,Alamance,171415,546
37,003,37003,Alexander,36444,35
37,005,37005,Alleghany,10888,0
37,007,37007,Anson,22055,0
37,009,37009,Ashe,26577,29
37,011,37011,Avery,17806,0
37,013,37013,Beaufort,44652,49
37,015,37015,Bertie,17934,0
37,017,37017,Bladen,29606,25
37,019,37019,Brunswick,136693,251
37,021,37021,Buncombe,269452,966
37,023,37023,Burke,87570,142
37,025,37025,Cabarrus,225804,1248
37,027,37027,Caldwell,80652,120
37,029,37029,Camden,10355,0
37,031,37031,Carteret,67686,159
37,033,37033,Caswell,22736,0
37,035,37035,Catawba,160610,391
37,037,37037,Chatham,76285,512
37,039,37039,Cherokee,28774,31
37,041,37041,Chowan,13708,22
37,043,37043,Clay,11089,0
37,045,37045,Cleveland,99519,151
37,047,37047,Columbus,50623,56
37,049,37049,Craven,100720,314
37,051,37051,Cumberland,334728,1409
37,053,37053,Currituck,28100,60
37,055,37055,Dare,36915,71
37,057,37057,Davidson,168930,224
37,059,37059,Davie,42712,71
37,061,37061,Duplin,48715,49
37,063,37063,Durham,324833,5051
37,065,37065,Edgecombe,48900,42
37,067,37067,Forsyth,382590,2301
37,069,37069,Franklin,68573,130
37,071,37071,Gaston,227943,546
37,073,37073,Gates,10478,0
37,075,37075,Graham,8030,0
37,077,37077,Granville,60992,86
37,079,37079,Greene,20451,0
37,081,37081,Guilford,541299,3131
37,083,37083,Halifax,48622,51
37,085,37085,Harnett,133568,341
37,087,37087,Haywood,62089,86
37,089,37089,Henderson,116281,310
37,091,37091,Hertford,21552,50
37,093,37093,Hoke,52082,123
37,095,37095,Hyde,4589,0
37,097,37097,Iredell,186693,674
37,099,37099,Jackson,43109,106
37,101,37101,Johnston,215999,424
37,103,37103,Jones,9172,0
37,105,37105,Lee,63285,106
37,107,37107,Lenoir,55122,71
37,109,37109,Lincoln,86810,165
37,111,37111,McDowell,44578,64
37,113,37113,Macon,37014,121
37,115,37115,Madison,21193,30
37,117,37117,Martin,22031,0
37,119,37119,Mecklenburg,1115482,9590
37,121,37121,Mitchell,14903,40
37,123,37123,Montgomery,25751,0
37,125,37125,Moore,99727,322
37,127,37127,Nash,94970,162
37,129,37129,New Hanover,225702,1204
37,131,37131,Northampton,17471,25
37,133,37133,Onslow,204576,831
37,135,37135,Orange,148696,5484
37,137,37137,Pamlico,12276,0
37,139,37139,Pasquotank,40568,101
37,141,37141,Pender,60203,163
37,143,37143,Perquimans,13005,0
37,145,37145,Person,39097,39
37,147,37147,Pitt,170243,745
37,149,37149,Polk,19328,37
37,151,37151,Randolph,144171,225
37,153,37153,Richmond,42946,47
37,155,37155,Robeson,116530,199
37,157,37157,Rockingham,91096,108
37,159,37159,Rowan,146875,219
37,161,37161,Rutherford,64444,84
37,163,37163,Sampson,59036,98
37,165,37165,Scotland,34174,33
37,167,37167,Stanly,62504,62
37,169,37169,Stokes,44520,34
37,171,37171,Surry,71359,83
37,173,37173,Swain,14117,0
37,175,37175,Transylvania,32986,46
37,177,37177,Tyrrell,3245,0
37,179,37179,Union,238267,1758
37,181,37181,Vance,42578,48
37,183,37183,Wake,1129410,17631
37,185,37185,Warren,18642,0
37,187,37187,Washington,11003,0
37,189,37189,Watauga,54086,185
37,191,37191,Wayne,117333,343
37,193,37193,Wilkes,65969,63
37,195,37195,Wilson,78784,109
37,197,37197,Yadkin,37214,29
37,199,37199,Yancey,18470,0
38,001,38001,Adams,2200,0
38,003,38003,Barnes,10853,0
38,005,38005,Benson,5964,0
38,007,38007,Billings,945,0
38,009,38009,Bottineau,6379,0
38,011,38011,Bowman,2993,0
38,013,38013,Burke,2201,0
38,015,38015,Burleigh,98458,274
38,017,38017,Cass,184525,976
38,019,38019,Cavalier,3704,0
38,021,38021,Dickey,4999,0
38,023,38023,Divide,2195,0
38,025,38025,Dunn,4095,0
38,027,38027,Eddy,2347,0
38,029,38029,Emmons,3301,0
38,031,38031,Foster,3397,0
38,033,38033,Golden Valley,1736,0
38,035,38035,Grand Forks,73170,598
38,037,38037,Grant,2301,0
38,039,38039,Griggs,2306,0
38,041,38041,Hettinger,2489,0
38,043,38043,Kidder,2394,0
38,045,38045,LaMoure,4093,0
38,047,38047,Logan,1876,0
38,049,38049,McHenry,5345,0
38,051,38051,McIntosh,2530,0
38,053,38053,McKenzie,14704,0
38,055,38055,McLean,9771,0
38,057,38057,Mercer,8350,0
38,059,38059,Morton,33291,31
38,061,38061,Mountrail,9809,0
38,063,38063,Nelson,3015,0
38,065,38065,Oliver,1877,0
38,067,38067,Pembina,6844,0
38,069,38069,Pierce,3990,0
38,071,38071,Ramsey,11605,0
38,073,38073,Ransom,5703,0
38,075,38075,Renville,2282,0
38,077,38077,Richland,16529,0
38,079,38079,Rolette,12187,0
38,081,38081,Sargent,3862,0
38,083,38083,Sheridan,1265,0
38,085,38085,Sioux,3898,0
38,087,38087,Slope,706,0
38,089,38089,Stark,33646,41
38,091,38091,Steele,1798,0
38,093,38093,Stutsman,21593,23
38,095,38095,Towner,2162,0
38,097,38097,Traill,7997,0
38,099,38099,Walsh,10563,0
38,101,38101,Ward,69919,187
38,103,38103,Wells,3982,0
38,105,38105,Williams,40950,83
39,001,39001,Adams,27477,0
39,003,39003,Allen,102206,163
39,005,39005,Ashland,52447,176
39,007,39007,Ashtabula,97574,98
39,009,39009,Athens,62431,494
39,011,39011,Auglaize,46422,67
39,013,39013,Belmont,66497,66
39,015,39015,Brown,43676,28
39,017,39017,Butler,390357,3044
39,019,39019,Carroll,26721,25
39,021,39021,Champaign,38714,49
39,023,39023,Clark,136001,237
39,025,39025,Clermont,208601,634
39,027,39027,Clinton,42018,60
39,029,39029,Columbiana,101877,100
39,031,39031,Coshocton,36612,26
39,033,39033,Crawford,42025,31
39,035,39035,Cuyahoga,1264817,12218
39,037,39037,Darke,51881,46
39,039,39039,Defiance,38286,43
39,041,39041,Delaware,214124,3257
39,043,39043,Erie,75622,121
39,045,39045,Fairfield,158921,455
39,047,39047,Fayette,28951,0
39,049,39049,Franklin,1323807,14378
39,051,39051,Fulton,42713,52
39,053,39053,Gallia,29220,32
39,055,39055,Geauga,95397,273
39,057,39057,Greene,167966,1245
39,059,39059,Guernsey,38438,58
39,061,39061,Hamilton,830639,5622
39,063,39063,Hancock,74920,220
39,065,39065,Hardin,30696,56
39,067,39067,Harrison,14483,23
39,069,39069,Henry,27662,32
39,071,39071,Highland,43317,24
39,073,39073,Hocking,28050,0
39,075,39075,Holmes,44223,30
39,077,39077,Huron,58565,76
39,079,39079,Jackson,32653,0
39,081,39081,Jefferson,65249,106
39,083,39083,Knox,62721,116
39,085,39085,Lake,232603,743
39,087,39087,Lawrence,58240,103
39,089,39089,Licking,178519,447
39,091,39091,Logan,46150,57
39,093,39093,Lorain,312964,1018
39,095,39095,Lucas,431279,2032
39,097,39097,Madison,43824,35
39,099,39099,Mahoning,228614,496
39,101,39101,Marion,65359,64
39,103,39103,Medina,182470,615
39,105,39105,Meigs,22210,0
39,107,39107,Mercer,42528,50
39,109,39109,Miami,108774,280
39,111,39111,Monroe,13385,0
39,113,39113,Montgomery,537309,2847
39,115,39115,Morgan,13802,0
39,117,39117,Morrow,34950,0
39,119,39119,Muskingum,86410,120
39,121,39121,Noble,14115,0
39,123,39123,Ottawa,40364,49
39,125,39125,Paulding,18806,0
39,127,39127,Perry,35408,23
39,129,39129,Pickaway,58539,86
39,131,39131,Pike,27088,32
39,133,39133,Portage,161791,837
39,135,39135,Preble,40999,0
39,137,39137,Putnam,34451,31
39,139,39139,Richland,124936,193
39,141,39141,Ross,77093,85
39,143,39143,Sandusky,58896,100
39,145,39145,Scioto,74008,61
39,147,39147,Seneca,55069,106
39,149,39149,Shelby,48230,56
39,151,39151,Stark,374853,806
39,153,39153,Summit,540428,2985
39,155,39155,Trumbull,201977,338
39,157,39157,Tuscarawas,93263,123
39,159,39159,Union,62784,674
39,161,39161,Van Wert,28931,36
39,163,39163,Vinton,12800,0
39,165,39165,Warren,242337,3417
39,167,39167,Washington,59771,99
39,169,39169,Wayne,116894,288
39,171,39171,Williams,37102,51
39,173,39173,Wood,132248,828
39,175,39175,Wyandot,21900,0
40,001,40001,Adair,19495,22
40,003,40003,Alfalfa,5699,0
40,005,40005,Atoka,14143,22
40,007,40007,Beaver,5049,0
40,009,40009,Beckham,22410,30
40,011,40011,Blaine,8735,0
40,013,40013,Bryan,46067,38
40,015,40015,Caddo,26945,0
40,017,40017,Canadian,154405,419
40,019,40019,Carter,48003,152
40,021,40021,Cherokee,47078,119
40,023,40023,Choctaw,14204,0
40,025,40025,Cimarron,2296,0
40,027,40027,Cleveland,295528,2745
40,029,40029,Coal,5266,0
40,031,40031,Comanche,121125,358
40,033,40033,Cotton,5527,0
40,035,40035,Craig,14107,0
40,037,40037,Creek,71754,64
40,039,40039,Custer,28513,57
40,041,40041,Delaware,40397,49
40,043,40043,Dewey,4484,0
40,045,40045,Ellis,3749,0
40,047,40047,Garfield,62846,127
40,049,40049,Garvin,25656,64
40,051,40051,Grady,54795,56
40,053,40053,Grant,4169,0
40,055,40055,Greer,5491,0
40,057,40057,Harmon,2488,0
40,059,40059,Harper,3272,0
40,061,40061,Haskell,11561,0
40,063,40063,Hughes,13367,0
40,065,40065,Jackson,24785,96
40,067,40067,Jefferson,5337,0
40,069,40069,Johnston,10272,0
40,071,40071,Kay,43700,61
40,073,40073,Kingfisher,15184,0
40,075,40075,Kiowa,8509,0
40,077,40077,Latimer,9444,0
40,079,40079,Le Flore,48129,40
40,081,40081,Lincoln,33458,54
40,083,40083,Logan,49555,101
40,085,40085,Love,10146,0
40,087,40087,McClain,41662,46
40,089,40089,McCurtain,30814,0
40,091,40091,McIntosh,18941,0
40,093,40093,Major,7782,0
40,095,40095,Marshall,15312,0
40,097,40097,Mayes,39046,51
40,099,40099,Murray,13904,0
40,101,40101,Muskogee,66339,50
40,103,40103,Noble,10924,0
40,105,40105,Nowata,9320,0
40,107,40107,Okfuskee,11310,0
40,109,40109,Oklahoma,796292,4703
40,111,40111,Okmulgee,36706,37
40,113,40113,Osage,45818,43
40,115,40115,Ottawa,30285,48
40,117,40117,Pawnee,15553,0
40,119,40119,Payne,81646,829
40,121,40121,Pittsburg,43773,46
40,123,40123,Pontotoc,38065,69
40,125,40125,Pottawatomie,72454,136
40,127,40127,Pushmataha,10812,0
40,129,40129,Roger Mills,3442,0
40,131,40131,Rogers,95240,178
40,133,40133,Seminole,23556,36
40,135,40135,Sequoyah,39281,44
40,137,40137,Stephens,42848,61
40,139,40139,Texas,21384,0
40,141,40141,Tillman,6968,0
40,143,40143,Tulsa,669279,3171
40,145,40145,Wagoner,80981,185
40,147,40147,Washington,52455,203
40,149,40149,Washita,10924,0
40,151,40151,Woods,8624,0
40,153,40153,Woodward,20470,48
41,001,41001,Baker,16668,31
41,003,41003,Benton,95184,2912
41,005,41005,Clackamas,421401,7976
41,007,41007,Clatsop,41072,190
41,009,41009,Columbia,52589,236
41,011,41011,Coos,64929,215
41,013,41013,Crook,24738,54
41,015,41015,Curry,23446,99
41,017,41017,Deschutes,198253,1157
41,019,41019,Douglas,111201,410
41,021,41021,Gilliam,1995,0
41,023,41023,Grant,7233,0
41,025,41025,Harney,7495,0
41,027,41027,Hood River,23977,132
41,029,41029,Jackson,223259,1171
41,031,41031,Jefferson,24502,73
41,033,41033,Josephine,88090,335
41,035,41035,Klamath,69413,270
41,037,41037,Lake,8160,0
41,039,41039,Lane,382971,4070
41,041,41041,Lincoln,50395,226
41,043,41043,Linn,128610,494
41,045,41045,Malheur,31571,56
41,047,41047,Marion,345920,2195
41,049,41049,Morrow,12186,0
41,051,41051,Multnomah,815428,19155
41,053,41053,Polk,87433,662
41,055,41055,Sherman,1870,0
41,057,41057,Tillamook,27390,75
41,059,41059,Umatilla,80075,187
41,061,41061,Union,26196,70
41,063,41063,Wallowa,7391,23
41,065,41065,Wasco,26670,67
41,067,41067,Washington,600372,15748
41,069,41069,Wheeler,1451,0
41,071,41071,Yamhill,107722,569
42,001,42001,Adams,103852,286
42,003,42003,Allegheny,1250578,15369
42,005,42005,Armstrong,65558,77
42,007,42007,Beaver,168215,365
42,009,42009,Bedford,47577,35
42,011,42011,Berks,428849,1423
42,013,42013,Blair,122822,284
42,015,42015,Bradford,59967,118
42,017,42017,Bucks,646538,6747
42,019,42019,Butler,193763,775
42,021,42021,Cambria,133472,234
42,023,42023,Cameron,4547,0
42,025,42025,Carbon,64749,105
42,027,42027,Centre,158172,6065
42,029,42029,Chester,534413,8253
42,031,42031,Clarion,37241,71
42,033,42033,Clearfield,80562,81
42,035,42035,Clinton,37450,66
42,037,42037,Columbia,64727,223
42,039,42039,Crawford,83938,101
42,041,42041,Cumberland,259469,1638
42,043,42043,Dauphin,286401,1890
42,045,42045,Delaware,576830,8442
42,047,42047,Elk,30990,32
42,049,42049,Erie,270876,822
42,051,42051,Fayette,128804,110
42,053,42053,Forest,6973,0
42,055,42055,Franklin,155932,343
42,057,42057,Fulton,14556,0
42,059,42059,Greene,35954,56
42,061,42061,Huntingdon,44092,45
42,063,42063,Indiana,83246,192
42,065,42065,Jefferson,44492,49
42,067,42067,Juniata,23509,23
42,069,42069,Lackawanna,215896,681
42,071,42071,Lancaster,552984,2632
42,073,42073,Lawrence,86070,133
42,075,42075,Lebanon,143257,358
42,077,42077,Lehigh,374557,2769
42,079,42079,Luzerne,325594,815
42,081,42081,Lycoming,114188,276
42,083,42083,McKean,40432,77
42,085,42085,Mercer,110652,195
42,087,42087,Mifflin,46143,30
42,089,42089,Monroe,168327,1077
42,091,42091,Montgomery,856553,15181
42,093,42093,Montour,18136,124
42,095,42095,Northampton,312951,2274
42,097,42097,Northumberland,91647,157
42,099,42099,Perry,45842,31
42,101,42101,Philadelphia,1603797,49377
42,103,42103,Pike,58535,235
42,105,42105,Potter,16396,0
42,107,42107,Schuylkill,143049,189
42,109,42109,Snyder,39736,93
42,111,42111,Somerset,74129,63
42,113,42113,Sullivan,5840,0
42,115,42115,Susquehanna,38434,51
42,117,42117,Tioga,41045,61
42,119,42119,Union,42681,282
42,121,42121,Venango,50454,68
42,123,42123,Warren,38587,24
42,125,42125,Washington,209349,612
42,127,42127,Wayne,51155,154
42,129,42129,Westmoreland,354663,1124
42,131,42131,Wyoming,26069,39
42,133,42133,York,456438,1491
44,001,44001,Bristol,50793,620
44,003,44003,Kent,170363,1363
44,005,44005,Newport,85643,450
44,007,44007,Providence,660741,7082
44,009,44009,Washington,129839,1256
45,001,45001,Abbeville,24295,28
45,003,45003,Aiken,168808,491
45,005,45005,Allendale,8039,0
45,007,45007,Anderson,203718,434
45,009,45009,Bamberg,13311,34
45,011,45011,Barnwell,20589,0
45,013,45013,Beaufort,187117,604
45,015,45015,Berkeley,229861,855
45,017,45017,Calhoun,14119,29
45,019,45019,Charleston,408235,2019
45,021,45021,Cherokee,56216,75
45,023,45023,Chester,32294,43
45,025,45025,Chesterfield,43273,65
45,027,45027,Clarendon,31144,31
45,029,45029,Colleton,38604,34
45,031,45031,Darlington,62905,113
45,033,45033,Dillon,28292,22
45,035,45035,Dorchester,161540,681
45,037,45037,Edgefield,25657,64
45,039,45039,Fairfield,20948,25
45,041,45041,Florence,137059,472
45,043,45043,Georgetown,63404,89
45,045,45045,Greenville,525534,2574
45,047,45047,Greenwood,69351,144
45,049,45049,Hampton,18561,25
45,051,45051,Horry,351029,999
45,053,45053,Jasper,28791,47
45,055,45055,Kershaw,65403,104
45,057,45057,Lancaster,96016,363
45,059,45059,Laurens,67539,88
45,061,45061,Lee,16531,0
45,063,45063,Lexington,293991,1392
45,065,45065,McCormick,9526,0
45,067,45067,Marion,29183,46
45,069,45069,Marlboro,26667,0
45,071,45071,Newberry,37719,0
45,073,45073,Oconee,78607,226
45,075,45075,Orangeburg,84223,143
45,077,45077,Pickens,131404,965
45,079,45079,Richland,416147,2390
45,081,45081,Saluda,18862,0
45,083,45083,Spartanburg,327997,934
45,085,45085,Sumter,105556,195
45,087,45087,Union,27244,42
45,089,45089,Williamsburg,31026,22
45,091,45091,York,282090,1244
46,003,46003,Aurora,2747,0
46,005,46005,Beadle,19149,0
46,007,46007,Bennett,3381,0
46,009,46009,Bon Homme,7003,0
46,011,46011,Brookings,34375,239
46,013,46013,Brown,38301,80
46,015,46015,Brule,5247,0
46,017,46017,Buffalo,1948,0
46,019,46019,Butte,10243,0
46,021,46021,Campbell,1377,0
46,023,46023,Charles Mix,9373,0
46,025,46025,Clark,3837,0
46,027,46027,Clay,14967,92
46,029,46029,Codington,28325,56
46,031,46031,Corson,3902,0
46,033,46033,Custer,8318,0
46,035,46035,Davison,19956,25
46,037,46037,Day,5449,0
46,039,46039,Deuel,4295,0
46,041,46041,Dewey,5239,0
46,043,46043,Douglas,2835,0
46,045,46045,Edmunds,3986,0
46,047,46047,Fall River,6973,0
46,049,46049,Faulk,2125,0
46,051,46051,Grant,7556,0
46,053,46053,Gregory,3994,0
46,055,46055,Haakon,1872,0
46,057,46057,Hamlin,6164,0
46,059,46059,Hand,3145,0
46,061,46061,Hanson,3461,0
46,063,46063,Harding,1311,0
46,065,46065,Hughes,17765,36
46,067,46067,Hutchinson,7427,0
46,069,46069,Hyde,1262,0
46,071,46071,Jackson,2806,0
46,073,46073,Jerauld,1663,0
46,075,46075,Jones,917,0
46,077,46077,Kingsbury,5187,0
46,079,46079,Lake,11059,36
46,081,46081,Lawrence,25768,40
46,083,46083,Lincoln,65161,301
46,085,46085,Lyman,3718,0
46,087,46087,McCook,5682,0
46,089,46089,McPherson,2411,0
46,091,46091,Marshall,4306,0
46,093,46093,Meade,29852,54
46,095,46095,Mellette,1918,0
46,097,46097,Miner,2298,0
46,099,46099,Minnehaha,197214,474
46,101,46101,Moody,6336,0
46,102,46102,Oglala Lakota,13672,0
46,103,46103,Pennington,109222,317
46,105,46105,Perkins,2835,0
46,107,46107,Potter,2472,0
46,109,46109,Roberts,10280,0
46,111,46111,Sanborn,2330,0
46,115,46115,Spink,6361,0
46,117,46117,Stanley,2980,0
46,119,46119,Sully,1446,0
46,121,46121,Todd,9319,0
46,123,46123,Tripp,5624,0
46,125,46125,Turner,8673,0
46,127,46127,Union,16811,46
46,129,46129,Walworth,5315,0
46,135,46135,Yankton,23310,39
46,137,46137,Ziebach,2413,0
47,001,47001,Anderson,77123,368
47,003,47003,Bedford,50237,57
47,005,47005,Benton,15864,28
47,007,47007,Bledsoe,14913,0
47,009,47009,Blount,135280,284
47,011,47011,Bradley,108620,215
47,013,47013,Campbell,39272,31
47,015,47015,Cannon,14506,0
47,017,47017,Carroll,28440,0
47,019,47019,Carter,56356,54
47,021,47021,Cheatham,41072,60
47,023,47023,Chester,17341,0
47,025,47025,Claiborne,32043,39
47,027,47027,Clay,7581,0
47,029,47029,Cocke,35999,32
47,031,47031,Coffee,57889,117
47,033,47033,Crockett,13911,0
47,035,47035,Cumberland,61145,95
47,037,47037,Davidson,715884,4445
47,039,47039,Decatur,11435,0
47,041,47041,DeKalb,20080,26
47,043,47043,Dickson,54315,87
47,045,47045,Dyer,36801,36
47,047,47047,Fayette,41990,92
47,049,47049,Fentress,18489,28
47,051,47051,Franklin,42774,50
47,053,47053,Gibson,50429,81
47,055,47055,Giles,30346,43
47,057,47057,Grainger,23527,0
47,059,47059,Greene,70152,60
47,061,47061,Grundy,13529,0
47,063,47063,Hamblen,64499,113
47,065,47065,Hamilton,366207,1304
47,067,47067,Hancock,6662,0
47,069,47069,Hardeman,25462,0
47,071,47071,Hardin,26831,0
47,073,47073,Hawkins,56721,73
47,075,47075,Haywood,17864,0
47,077,47077,Henderson,27842,0
47,079,47079,Henry,32199,74
47,081,47081,Hickman,24925,23
47,083,47083,Houston,8283,0
47,085,47085,Humphreys,18990,26
47,087,47087,Jackson,11617,0
47,089,47089,Jefferson,54683,68
47,091,47091,Johnson,17948,0
47,093,47093,Knox,478971,3159
47,095,47095,Lake,7005,0
47,097,47097,Lauderdale,25143,34
47,099,47099,Lawrence,44159,52
47,101,47101,Lewis,12582,0
47,103,47103,Lincoln,35319,38
47,105,47105,Loudon,54886,88
47,107,47107,McMinn,53276,59
47,109,47109,McNairy,25866,0
47,111,47111,Macon,25216,0
47,113,47113,Madison,98823,228
47,115,47115,Marion,28837,34
47,117,47117,Marshall,34318,25
47,119,47119,Maury,100974,231
47,121,47121,Meigs,12758,0
47,123,47123,Monroe,46250,32
47,125,47125,Montgomery,220069,1016
47,127,47127,Moore,6461,0
47,129,47129,Morgan,21035,0
47,131,47131,Obion,30787,29
47,133,47133,Overton,22511,0
47,135,47135,Perry,8366,0
47,137,47137,Pickett,5001,0
47,139,47139,Polk,17544,0
47,141,47141,Putnam,79854,219
47,143,47143,Rhea,32870,36
47,145,47145,Roane,53404,89
47,147,47147,Robertson,72803,122
47,149,47149,Rutherford,341486,1383
47,151,47151,Scott,21850,0
47,153,47153,Sequatchie,15826,0
47,155,47155,Sevier,98380,141
47,157,47157,Shelby,929744,5561
47,159,47159,Smith,19904,0
47,161,47161,Stewart,13657,0
47,163,47163,Sullivan,158163,451
47,165,47165,Sumner,196281,641
47,167,47167,Tipton,60970,91
47,169,47169,Trousdale,11615,0
47,171,47171,Unicoi,17928,0
47,173,47173,Union,19802,0
47,175,47175,Van Buren,6168,0
47,177,47177,Warren,40953,55
47,179,47179,Washington,133001,515
47,181,47181,Wayne,16232,0
47,183,47183,Weakley,32902,37
47,185,47185,White,27351,24
47,187,47187,Williamson,247726,2477
47,189,47189,Wilson,147737,472
48,001,48001,Anderson,57922,51
48,003,48003,Andrews,18610,26
48,005,48005,Angelina,86395,129
48,007,48007,Aransas,23830,50
48,009,48009,Archer,8560,0
48,011,48011,Armstrong,1848,0
48,013,48013,Atascosa,48981,42
48,015,48015,Austin,30167,31
48,017,48017,Bailey,6904,0
48,019,48019,Bandera,20851,31
48,021,48021,Bastrop,97216,182
48,023,48023,Baylor,3465,0
48,025,48025,Bee,31047,0
48,027,48027,Bell,370647,1375
48,029,48029,Bexar,2009324,10640
48,031,48031,Blanco,11374,0
48,033,48033,Borden,631,0
48,035,48035,Bosque,18235,0
48,037,48037,Bowie,92893,159
48,039,48039,Brazoria,372031,4401
48,041,48041,Brazos,233849,3924
48,043,48043,Brewster,9546,25
48,045,48045,Briscoe,1435,0
48,047,48047,Brooks,7076,0
48,049,48049,Brown,38095,47
48,051,48051,Burleson,17642,0
48,053,48053,Burnet,49130,88
48,055,48055,Caldwell,45883,36
48,057,48057,Calhoun,20106,274
48,059,48059,Callahan,13708,26
48,061,48061,Cameron,421017,485
48,063,48063,Camp,12464,0
48,065,48065,Carson,5807,0
48,067,48067,Cass,28454,36
48,069,48069,Castro,7371,0
48,071,48071,Chambers,46571,109
48,073,48073,Cherokee,50412,38
48,075,48075,Childress,6664,0
48,077,48077,Clay,10218,0
48,079,48079,Cochran,2547,0
48,081,48081,Coke,3285,0
48,083,48083,Coleman,7684,0
48,085,48085,Collin,1064465,33777
48,087,48087,Collingsworth,2652,0
48,089,48089,Colorado,20557,0
48,091,48091,Comal,161501,416
48,093,48093,Comanche,13594,0
48,095,48095,Concho,3303,0
48,097,48097,Cooke,41668,23
48,099,48099,Coryell,83093,232
48,101,48101,Cottle,1380,0
48,103,48103,Crane,4675,0
48,105,48105,Crockett,3098,0
48,107,48107,Crosby,5133,0
48,109,48109,Culberson,2188,0
48,111,48111,Dallam,7115,0
48,113,48113,Dallas,2613539,19246
48,115,48115,Dawson,12456,0
48,117,48117,Deaf Smith,18583,0
48,119,48119,Delta,5230,0
48,121,48121,Denton,906422,10088
48,123,48123,DeWitt,19824,0
48,125,48125,Dickens,1770,0
48,127,48127,Dimmit,8615,0
48,129,48129,Donley,3258,0
48,131,48131,Duval,9831,0
48,133,48133,Eastland,17725,0
48,135,48135,Ector,165171,240
48,137,48137,Edwards,1422,0
48,139,48139,Ellis,192455,282
48,141,48141,El Paso,865657,2438
48,143,48143,Erath,42545,54
48,145,48145,Falls,16968,0
48,147,48147,Fannin,35662,40
48,149,48149,Fayette,24435,0
48,151,48151,Fisher,3672,0
48,153,48153,Floyd,5402,0
48,155,48155,Foard,1095,0
48,157,48157,Fort Bend,822779,37037
48,159,48159,Franklin,10359,0
48,161,48161,Freestone,19435,29
48,163,48163,Frio,18385,60
48,165,48165,Gaines,21598,0
48,167,48167,Galveston,350682,2310
48,169,48169,Garza,5816,0
48,171,48171,Gillespie,26725,35
48,173,48173,Glasscock,1116,0
48,175,48175,Goliad,7012,0
48,177,48177,Gonzales,19653,0
48,179,48179,Gray,21227,34
48,181,48181,Grayson,135543,301
48,183,48183,Gregg,124239,235
48,185,48185,Grimes,29268,26
48,187,48187,Guadalupe,172706,629
48,189,48189,Hale,32522,35
48,191,48191,Hall,2825,0
48,193,48193,Hamilton,8222,0
48,195,48195,Hansford,5285,0
48,197,48197,Hardeman,3549,0
48,199,48199,Hardin,56231,69
48,201,48201,Harris,4731145,61037
48,203,48203,Harrison,68839,75
48,205,48205,Hartley,5382,0
48,207,48207,Haskell,5416,0
48,209,48209,Hays,241067,3506
48,211,48211,Hemphill,3382,0
48,213,48213,Henderson,82150,107
48,215,48215,Hidalgo,870781,1014
48,217,48217,Hill,35874,48
48,219,48219,Hockley,21537,0
48,221,48221,Hood,61598,107
48,223,48223,Hopkins,36787,0
48,225,48225,Houston,22066,0
48,227,48227,Howard,34860,57
48,229,48229,Hudspeth,3202,0
48,231,48231,Hunt,99956,175
48,233,48233,Hutchinson,20617,0
48,235,48235,Irion,1513,0
48,237,48237,Jack,8472,0
48,239,48239,Jackson,14988,0
48,241,48241,Jasper,32980,25
48,243,48243,Jeff Davis,1996,0
48,245,48245,Jefferson,256526,653
48,247,48247,Jim Hogg,4838,0
48,249,48249,Jim Wells,38891,0
48,251,48251,Johnson,179927,322
48,253,48253,Jones,19663,0
48,255,48255,Karnes,14710,0
48,257,48257,Kaufman,145310,233
48,259,48259,Kendall,44279,106
48,261,48261,Kenedy,350,0
48,263,48263,Kent,753,0
48,265,48265,Kerr,52598,117
48,267,48267,Kimble,4286,0
48,269,48269,King,265,0
48,271,48271,Kinney,3129,0
48,273,48273,Kleberg,31040,92
48,275,48275,Knox,3353,0
48,277,48277,Lamar,50088,63
48,279,48279,Lamb,13045,0
48,281,48281,Lampasas,21627,30
48,283,48283,La Salle,6664,0
48,285,48285,Lavaca,20337,25
48,287,48287,Lee,17478,0
48,289,48289,Leon,15719,0
48,291,48291,Liberty,91628,25
48,293,48293,Limestone,22146,55
48,295,48295,Lipscomb,3059,0
48,297,48297,Live Oak,11335,0
48,299,48299,Llano,21243,0
48,301,48301,Loving,64,0
48,303,48303,Lubbock,310639,1511
48,305,48305,Lynn,5596,0
48,307,48307,McCulloch,7630,0
48,309,48309,McLennan,260579,1064
48,311,48311,McMullen,600,0
48,313,48313,Madison,13455,0
48,315,48315,Marion,9725,0
48,317,48317,Martin,5237,0
48,319,48319,Mason,3953,0
48,321,48321,Matagorda,36255,35
48,323,48323,Maverick,57887,25
48,325,48325,Medina,50748,59
48,327,48327,Menard,1962,0
48,329,48329,Midland,169983,556
48,331,48331,Milam,24754,0
48,333,48333,Mills,4456,0
48,335,48335,Mitchell,8990,0
48,337,48337,Montague,19965,0
48,339,48339,Montgomery,620443,4461
48,341,48341,Moore,21358,0
48,343,48343,Morris,11973,0
48,345,48345,Motley,1063,0
48,347,48347,Nacogdoches,64653,116
48,349,48349,Navarro,52624,75
48,351,48351,Newton,12217,0
48,353,48353,Nolan,14738,0
48,355,48355,Nueces,353178,969
48,357,48357,Ochiltree,10015,0
48,359,48359,Oldham,1758,0
48,361,48361,Orange,84808,68
48,363,48363,Palo Pinto,28409,55
48,365,48365,Panola,22491,0
48,367,48367,Parker,148222,238
48,369,48369,Parmer,9869,0
48,371,48371,Pecos,15193,0
48,373,48373,Polk,50123,78
48,375,48375,Potter,118525,169
48,377,48377,Presidio,6131,0
48,379,48379,Rains,12164,0
48,381,48381,Randall,140753,320
48,383,48383,Reagan,3385,0
48,385,48385,Real,2758,0
48,387,48387,Red River,11587,0
48,389,48389,Reeves,14748,32
48,391,48391,Refugio,6741,0
48,393,48393,Roberts,827,0
48,395,48395,Robertson,16757,0
48,397,48397,Rockwall,107819,522
48,399,48399,Runnels,9900,0
48,401,48401,Rusk,52214,30
48,403,48403,Sabine,9894,0
48,405,48405,San Augustine,7918,0
48,407,48407,San Jacinto,27402,0
48,409,48409,San Patricio,68755,116
48,411,48411,San Saba,5730,0
48,413,48413,Schleicher,2451,0
48,415,48415,Scurry,16932,0
48,417,48417,Shackelford,3105,0
48,419,48419,Shelby,24022,33
48,421,48421,Sherman,2782,0
48,423,48423,Smith,233479,622
48,425,48425,Somervell,9205,32
48,427,48427,Starr,65920,0
48,429,48429,Stephens,9101,0
48,431,48431,Sterling,1372,0
48,433,48433,Stonewall,1245,0
48,435,48435,Sutton,3372,0
48,437,48437,Swisher,6971,0
48,439,48439,Tarrant,2110640,12967
48,441,48441,Taylor,143208,421
48,443,48443,Terrell,760,0
48,445,48445,Terry,11831,0
48,447,48447,Throckmorton,1440,0
48,449,48449,Titus,31247,24
48,451,48451,Tom Green,120003,216
48,453,48453,Travis,1290188,21372
48,455,48455,Trinity,13602,0
48,457,48457,Tyler,19798,0
48,459,48459,Upshur,40892,45
48,461,48461,Upton,3308,0
48,463,48463,Uvalde,24564,0
48,465,48465,Val Verde,47586,68
48,467,48467,Van Zandt,59541,72
48,469,48469,Victoria,91319,259
48,471,48471,Walker,76400,133
48,473,48473,Waller,56794,182
48,475,48475,Ward,11644,0
48,477,48477,Washington,35805,65
48,479,48479,Webb,267114,300
48,481,48481,Wharton,41570,40
48,483,48483,Wheeler,4990,0
48,485,48485,Wichita,129350,386
48,487,48487,Wilbarger,12887,0
48,489,48489,Willacy,20164,83
48,491,48491,Williamson,609017,7886
48,493,48493,Wilson,49753,87
48,495,48495,Winkler,7791,0
48,497,48497,Wise,68632,74
48,499,48499,Wood,44843,23
48,501,48501,Yoakum,7694,0
48,503,48503,Young,17867,0
48,505,48505,Zapata,13889,0
48,507,48507,Zavala,9670,0
49,001,49001,Beaver,7072,0
49,003,49003,Box Elder,57666,107
49,005,49005,Cache,133154,832
49,007,49007,Carbon,20412,23
49,009,49009,Daggett,935,0
49,011,49011,Davis,362679,2021
49,013,49013,Duchesne,19596,23
49,015,49015,Emery,9825,0
49,017,49017,Garfield,5083,0
49,019,49019,Grand,9669,0
49,021,49021,Iron,57289,349
49,023,49023,Juab,11786,0
49,025,49025,Kane,7667,0
49,027,49027,Millard,12975,0
49,029,49029,Morgan,12295,38
49,031,49031,Piute,1438,0
49,033,49033,Rich,2510,0
49,035,49035,Salt Lake,1185238,13428
49,037,49037,San Juan,14518,0
49,039,49039,Sanpete,28437,70
49,041,49041,Sevier,21522,30
49,043,49043,Summit,42357,322
49,045,49045,Tooele,72698,177
49,047,49047,Uintah,35620,68
49,049,49049,Utah,659399,5788
49,051,49051,Wasatch,34788,102
49,053,49053,Washington,180279,754
49,055,49055,Wayne,2486,0
49,057,49057,Weber,262223,935
50,001,50001,Addison,37363,115
50,003,50003,Bennington,37347,160
50,005,50005,Caledonia,30233,81
50,007,50007,Chittenden,168323,1792
50,009,50009,Essex,5920,0
50,011,50011,Franklin,49946,77
50,013,50013,Grand Isle,7293,0
50,015,50015,Lamoille,25945,44
50,017,50017,Orange,29277,81
50,019,50019,Orleans,27393,43
50,021,50021,Rutland,60572,120
50,023,50023,Washington,59807,173
50,025,50025,Windham,45905,202
50,027,50027,Windsor,57753,275
51,001,51001,Accomack,33413,74
51,003,51003,Albemarle,112395,3103
51,005,51005,Alleghany,15223,22
51,007,51007,Amelia,13265,25
51,009,51009,Amherst,31307,57
51,011,51011,Appomattox,16119,0
51,013,51013,Arlington,238643,7680
51,015,51015,Augusta,77487,194
51,017,51017,Bath,4209,0
51,019,51019,Bedford,79462,314
51,021,51021,Bland,6270,0
51,023,51023,Botetourt,33596,62
51,025,51025,Brunswick,15849,0
51,027,51027,Buchanan,20355,0
51,029,51029,Buckingham,16824,0
51,031,51031,Campbell,55696,151
51,033,51033,Caroline,30887,44
51,035,51035,Carroll,29155,22
51,036,51036,Charles City,6773,0
51,037,51037,Charlotte,11529,0
51,041,51041,Chesterfield,364548,2336
51,043,51043,Clarke,14783,65
51,045,51045,Craig,4892,0
51,047,51047,Culpeper,52552,162
51,049,51049,Cumberland,9675,0
51,051,51051,Dickenson,14124,0
51,053,51053,Dinwiddie,27947,39
51,057,51057,Essex,10599,33
51,059,51059,Fairfax,1150309,39916
51,061,51061,Fauquier,72972,313
51,063,51063,Floyd,15476,25
51,065,51065,Fluvanna,27249,67
51,067,51067,Franklin,54477,91
51,069,51069,Frederick,91419,344
51,071,51071,Giles,16787,27
51,073,51073,Gloucester,38711,131
51,075,51075,Goochland,24727,151
51,077,51077,Grayson,15333,0
51,079,51079,Greene,20552,103
51,081,51081,Greensville,11391,0
51,083,51083,Halifax,34022,55
51,085,51085,Hanover,109979,548
51,087,51087,Henrico,334389,4554
51,089,51089,Henry,50948,38
51,091,51091,Highland,2232,0
51,093,51093,Isle of Wight,38606,115
51,095,51095,James City,78254,712
51,097,51097,King and Queen,6608,0
51,099,51099,King George,26723,133
51,101,51101,King William,17810,22
51,103,51103,Lancaster,10919,0
51,105,51105,Lee,22173,0
51,107,51107,Loudoun,420959,8558
51,109,51109,Louisa,37596,97
51,111,51111,Lunenburg,11936,0
51,113,51113,Madison,13837,25
51,115,51115,Mathews,8533,27
51,117,51117,Mecklenburg,30319,44
51,119,51119,Middlesex,10625,0
51,121,51121,Montgomery,99721,2819
51,125,51125,Nelson,14775,22
51,127,51127,New Kent,22945,66
51,131,51131,Northampton,12282,22
51,133,51133,Northumberland,11839,0
51,135,51135,Nottoway,15642,26
51,137,51137,Orange,36254,98
51,139,51139,Page,23709,29
51,141,51141,Patrick,17608,0
51,143,51143,Pittsylvania,60501,69
51,145,51145,Powhatan,30333,72
51,147,51147,Prince Edward,21849,52
51,149,51149,Prince George,43010,93
51,153,51153,Prince William,482204,4631
51,155,51155,Pulaski,33800,78
51,157,51157,Rappahannock,7348,0
51,159,51159,Richmond,8923,0
51,161,51161,Roanoke,96929,545
51,163,51163,Rockbridge,22650,55
51,165,51165,Rockingham,83757,252
51,167,51167,Russell,25781,0
51,169,51169,Scott,21576,0
51,171,51171,Shenandoah,44186,81
51,173,51173,Smyth,29800,40
51,175,51175,Southampton,17996,0
51,177,51177,Spotsylvania,140032,625
51,179,51179,Stafford,156927,954
51,181,51181,Surry,6561,0
51,183,51183,Sussex,10829,0
51,185,51185,Tazewell,40429,57
51,187,51187,Warren,40727,76
51,191,51191,Washington,53935,85
51,193,51193,Westmoreland,18477,31
51,195,51195,Wise,36130,31
51,197,51197,Wythe,28290,35
51,199,51199,York,70045,1081
51,510,51510,Alexandria,159467,1967
51,520,51520,Bristol,17219,48
51,530,51530,Buena Vista,6641,0
51,540,51540,Charlottesville,46553,1414
51,550,51550,Chesapeake,249422,1450
51,570,51570,Colonial Heights,18170,151
51,580,51580,Covington,5737,0
51,590,51590,Danville,42590,79
51,595,51595,Emporia,5766,0
51,600,51600,Fairfax,24146,1030
51,610,51610,Falls Church,14658,451
51,620,51620,Franklin,8180,24
51,630,51630,Fredericksburg,27982,171
51,640,51640,Galax,6720,0
51,650,51650,Hampton,137148,504
51,660,51660,Harrisonburg,51814,509
51,670,51670,Hopewell,23033,35
51,678,51678,Lexington,7320,125
51,680,51680,Lynchburg,79009,413
51,683,51683,Manassas,42772,245
51,685,51685,Manassas Park,17219,171
51,690,51690,Martinsville,13485,0
51,700,51700,Newport News,186247,825
51,710,51710,Norfolk,238005,1477
51,720,51720,Norton,3687,0
51,730,51730,Petersburg,33458,60
51,735,51735,Poquoson,12460,74
51,740,51740,Portsmouth,97915,243
51,750,51750,Radford,16070,58
51,760,51760,Richmond,226610,1431
51,770,51770,Roanoke,100011,247
51,775,51775,Salem,25346,40
51,790,51790,Staunton,25750,90
51,800,51800,Suffolk,94324,380
51,810,51810,Virginia Beach,459470,4311
51,820,51820,Waynesboro,22196,81
51,830,51830,Williamsburg,15425,255
51,840,51840,Winchester,28120,136
53,001,53001,Adams,20613,0
53,003,53003,Asotin,22285,60
53,005,53005,Benton,206873,1849
53,007,53007,Chelan,79074,286
53,009,53009,Clallam,77155,444
53,011,53011,Clark,503311,6669
53,013,53013,Columbia,3952,22
53,015,53015,Cowlitz,110730,448
53,017,53017,Douglas,42938,131
53,019,53019,Ferry,7178,0
53,021,53021,Franklin,96749,260
53,023,53023,Garfield,2286,0
53,025,53025,Grant,99123,180
53,027,53027,Grays Harbor,75636,238
53,029,53029,Island,86857,612
53,031,53031,Jefferson,32977,192
53,033,53033,King,2269675,140807
53,035,53035,Kitsap,275611,2707
53,037,53037,Kittitas,44337,271
53,039,53039,Klickitat,22735,42
53,041,53041,Lewis,82149,261
53,043,53043,Lincoln,10876,0
53,045,53045,Mason,65726,226
53,047,53047,Okanogan,42104,67
53,049,53049,Pacific,23365,64
53,051,53051,Pend Oreille,13401,0
53,053,53053,Pierce,921130,9492
53,055,53055,San Juan,17788,107
53,057,53057,Skagit,129523,612
53,059,53059,Skamania,12036,26
53,061,53061,Snohomish,827957,18620
53,063,53063,Spokane,539339,3262
53,065,53065,Stevens,46445,113
53,067,53067,Thurston,294793,3140
53,069,53069,Wahkiakum,4422,23
53,071,53071,Walla Walla,62584,332
53,073,53073,Whatcom,226847,2364
53,075,53075,Whitman,47973,1564
53,077,53077,Yakima,256728,602
54,001,54001,Barbour,15465,0
54,003,54003,Berkeley,122076,361
54,005,54005,Boone,21809,38
54,007,54007,Braxton,12447,0
54,009,54009,Brooke,22559,25
54,011,54011,Cabell,94350,361
54,013,54013,Calhoun,6229,0
54,015,54015,Clay,8051,0
54,017,54017,Doddridge,7808,0
54,019,54019,Fayette,40488,35
54,021,54021,Gilmer,7408,0
54,023,54023,Grant,10976,0
54,025,54025,Greenbrier,32977,43
54,027,54027,Hampshire,23093,0
54,029,54029,Hancock,29095,50
54,031,54031,Hardy,14299,0
54,033,54033,Harrison,65921,122
54,035,54035,Jackson,27791,43
54,037,54037,Jefferson,57701,238
54,039,54039,Kanawha,180745,364
54,041,54041,Lewis,17033,0
54,043,54043,Lincoln,20463,0
54,045,54045,Logan,32567,0
54,047,54047,McDowell,19111,0
54,049,54049,Marion,56205,62
54,051,54051,Marshall,30591,50
54,053,54053,Mason,25453,23
54,055,54055,Mercer,59664,45
54,057,54057,Mineral,26938,31
54,059,54059,Mingo,23568,0
54,061,54061,Monongalia,105822,1134
54,063,54063,Monroe,12376,0
54,065,54065,Morgan,17063,0
54,067,54067,Nicholas,24604,0
54,069,54069,Ohio,42425,113
54,071,54071,Pendleton,6143,0
54,073,54073,Pleasants,7653,0
54,075,54075,Pocahontas,7869,0
54,077,54077,Preston,34216,0
54,079,54079,Putnam,57440,134
54,081,54081,Raleigh,74591,98
54,083,54083,Randolph,27932,26
54,085,54085,Ritchie,8444,0
54,087,54087,Roane,14028,0
54,089,54089,Summers,11959,0
54,091,54091,Taylor,16705,0
54,093,54093,Tucker,6762,0
54,095,54095,Tyler,8313,0
54,097,54097,Upshur,23816,28
54,099,54099,Wayne,38982,38
54,101,54101,Webster,8378,0
54,103,54103,Wetzel,14442,0
54,105,54105,Wirt,5194,0
54,107,54107,Wood,84296,122
54,109,54109,Wyoming,21382,0
55,001,55001,Adams,20654,0
55,003,55003,Ashland,16027,25
55,005,55005,Barron,46711,89
55,007,55007,Bayfield,16220,0
55,009,55009,Brown,268740,663
55,011,55011,Buffalo,13317,0
55,013,55013,Burnett,16526,0
55,015,55015,Calumet,52442,111
55,017,55017,Chippewa,66297,101
55,019,55019,Clark,34659,0
55,021,55021,Columbia,58490,89
55,023,55023,Crawford,16113,0
55,025,55025,Dane,561504,11647
55,027,55027,Dodge,89396,87
55,029,55029,Door,30066,56
55,031,55031,Douglas,44295,73
55,033,55033,Dunn,45440,129
55,035,55035,Eau Claire,105710,487
55,037,55037,Florence,4558,0
55,039,55039,Fond du Lac,104154,152
55,041,55041,Forest,9179,0
55,043,55043,Grant,51938,163
55,045,55045,Green,37093,0
55,047,55047,Green Lake,19018,32
55,049,55049,Iowa,23709,61
55,051,55051,Iron,6137,0
55,053,55053,Jackson,21145,0
55,055,55055,Jefferson,84900,171
55,057,55057,Juneau,26718,25
55,059,55059,Kenosha,169151,570
55,061,55061,Kewaunee,20563,0
55,063,55063,La Crosse,120784,435
55,065,55065,Lafayette,16611,0
55,067,55067,Langlade,19491,0
55,069,55069,Lincoln,28415,34
55,071,55071,Manitowoc,81359,107
55,073,55073,Marathon,138013,323
55,075,55075,Marinette,41872,22
55,077,55077,Marquette,15592,0
55,078,55078,Menominee,4255,0
55,079,55079,Milwaukee,939489,4674
55,081,55081,Monroe,46274,53
55,083,55083,Oconto,38965,32
55,085,55085,Oneida,37845,99
55,087,55087,Outagamie,190705,626
55,089,55089,Ozaukee,91503,634
55,091,55091,Pepin,7318,0
55,093,55093,Pierce,42212,59
55,095,55095,Polk,44977,43
55,097,55097,Portage,70377,335
55,099,55099,Price,14054,0
55,101,55101,Racine,197727,515
55,103,55103,Richland,17304,31
55,105,55105,Rock,163687,423
55,107,55107,Rusk,14188,25
55,109,55109,St. Croix,93536,168
55,111,55111,Sauk,65763,114
55,113,55113,Sawyer,18074,0
55,115,55115,Shawano,40881,42
55,117,55117,Sheboygan,118034,318
55,119,55119,Taylor,19913,0
55,121,55121,Trempealeau,30760,0
55,123,55123,Vernon,30714,28
55,125,55125,Vilas,23047,29
55,127,55127,Walworth,106478,282
55,129,55129,Washburn,16623,0
55,131,55131,Washington,136761,405
55,133,55133,Waukesha,406978,3257
55,135,55135,Waupaca,51812,35
55,137,55137,Waushara,24520,22
55,139,55139,Winnebago,171730,592
55,141,55141,Wood,74207,153
56,001,56001,Albany,37066,462
56,003,56003,Big Horn,11521,0
56,005,56005,Campbell,47026,52
56,007,56007,Carbon,14537,0
56,009,56009,Converse,13751,0
56,011,56011,Crook,7181,0
56,013,56013,Fremont,39234,72
56,015,56015,Goshen,12498,0
56,017,56017,Hot Springs,4621,0
56,019,56019,Johnson,8447,0
56,021,56021,Laramie,100512,352
56,023,56023,Lincoln,19581,23
56,025,56025,Natrona,79955,263
56,027,56027,Niobrara,2467,0
56,029,56029,Park,29624,52
56,031,56031,Platte,8605,0
56,033,56033,Sheridan,30921,79
56,035,56035,Sublette,8728,0
56,037,56037,Sweetwater,42272,141
56,039,56039,Teton,23331,111
56,041,56041,Uinta,20450,27
56,043,56043,Washakie,7685,0
56,045,56045,Weston,6838,0
72,001,72001,Adjuntas,18020,0
72,003,72003,Aguada,38136,0
72,005,72005,Aguadilla,55101,46
72,007,72007,Aguas Buenas,24223,0
72,009,72009,Aibonito,24637,0
72,011,72011,Añasco,25596,0
72,013,72013,Arecibo,87754,42
72,015,72015,Arroyo,15843,0
72,017,72017,Barceloneta,22657,0
72,019,72019,Barranquitas,28983,0
72,021,72021,Bayamón,185187,215
72,023,72023,Cabo Rojo,47158,27
72,025,72025,Caguas,127244,110
72,027,72027,Camuy,32827,0
72,029,72029,Canóvanas,42337,0
72,031,72031,Carolina,154815,261
72,033,72033,Cataño,23155,38
72,035,72035,Cayey,41652,0
72,037,72037,Ceiba,11307,0
72,039,72039,Ciales,16984,0
72,041,72041,Cidra,39970,0
72,043,72043,Coamo,34668,0
72,045,72045,Comerío,18883,0
72,047,72047,Corozal,34571,0
72,049,72049,Culebra,1792,0
72,051,72051,Dorado,35879,40
72,053,72053,Fajardo,32124,26
72,054,72054,Florida,11692,0
72,055,72055,Guánica,13787,0
72,057,72057,Guayama,36614,36
72,059,72059,Guayanilla,17784,0
72,061,72061,Guaynabo,89780,99
72,063,72063,Gurabo,40622,0
72,065,72065,Hatillo,38486,25
72,067,72067,Hormigueros,15654,0
72,069,72069,Humacao,50896,50
72,071,72071,Isabela,42943,25
72,073,72073,Jayuya,14779,0
72,075,72075,Juana Díaz,46538,26
72,077,72077,Juncos,37012,0
72,079,72079,Lajas,23334,0
72,081,72081,Lares,28105,0
72,083,72083,Las Marías,8874,0
72,085,72085,Las Piedras,35180,23
72,087,72087,Loíza,23693,0
72,089,72089,Luquillo,17781,0
72,091,72091,Manatí,39492,0
72,093,72093,Maricao,4755,0
72,095,72095,Maunabo,10589,0
72,097,72097,Mayagüez,73077,86
72,099,72099,Moca,37460,0
72,101,72101,Morovis,28727,0
72,103,72103,Naguabo,23386,0
72,105,72105,Naranjito,29241,0
72,107,72107,Orocovis,21434,0
72,109,72109,Patillas,15985,0
72,111,72111,Peñuelas,20399,0
72,113,72113,Ponce,137491,102
72,115,72115,Quebradillas,23638,0
72,117,72117,Rincón,15187,0
72,119,72119,Río Grande,47060,0
72,121,72121,Sabana Grande,22729,0
72,123,72123,Salinas,25789,0
72,125,72125,San Germán,31879,32
72,127,72127,San Juan,342259,611
72,129,72129,San Lorenzo,37693,0
72,131,72131,San Sebastián,39345,0
72,133,72133,Santa Isabel,20281,0
72,135,72135,Toa Alta,66852,37
72,137,72137,Toa Baja,75293,35
72,139,72139,Trujillo Alto,67740,0
72,141,72141,Utuado,28287,0
72,143,72143,Vega Alta,35395,27
72,145,72145,Vega Baja,54414,31
72,147,72147,Vieques,8249,0
72,149,72149,Villalba,22093,0
72,151,72151,Yabucoa,30426,0
72,153,72153,Yauco,34172,0
